date,East Midlands,East of England,England,London,North East,North West,Northern Ireland,Scotland,South East,South West,Wales,West Midlands,Yorkshire and The Humber
1968-04-01,2914.0,,3218.0,4730.0,,,3465.0,2738.0,,3347.0,2732.0,,2553.0
1968-05-01,2914.0,,3218.0,4730.0,,,3465.0,2738.0,,3347.0,2732.0,,2553.0
1968-06-01,2914.0,,3218.0,4730.0,,,3465.0,2738.0,,3347.0,2732.0,,2553.0
1968-07-01,3057.0,,3327.0,4865.0,,,3326.0,3001.0,,3429.0,2864.0,,2581.0
1968-08-01,3057.0,,3327.0,4865.0,,,3326.0,3001.0,,3429.0,2864.0,,2581.0
1968-09-01,3057.0,,3327.0,4865.0,,,3326.0,3001.0,,3429.0,2864.0,,2581.0
1968-10-01,2961.0,,3309.0,4757.0,,,3704.0,2811.0,,3512.0,2878.0,,2581.0
1968-11-01,2961.0,,3309.0,4757.0,,,3704.0,2811.0,,3512.0,2878.0,,2581.0
1968-12-01,2961.0,,3309.0,4757.0,,,3704.0,2811.0,,3512.0,2878.0,,2581.0
1969-01-01,2995.0,,3364.0,4919.0,,,3485.0,3031.0,,3553.0,2878.0,,2624.0
1969-02-01,2995.0,,3364.0,4919.0,,,3485.0,3031.0,,3553.0,2878.0,,2624.0
1969-03-01,2995.0,,3364.0,4919.0,,,3485.0,3031.0,,3553.0,2878.0,,2624.0
1969-04-01,2995.0,,3419.0,4811.0,,,3684.0,3060.0,,3655.0,2805.0,,2695.0
1969-05-01,2995.0,,3419.0,4811.0,,,3684.0,3060.0,,3655.0,2805.0,,2695.0
1969-06-01,2995.0,,3419.0,4811.0,,,3684.0,3060.0,,3655.0,2805.0,,2695.0
1969-07-01,3043.0,,3474.0,4973.0,,,3425.0,3031.0,,3635.0,2893.0,,2781.0
1969-08-01,3043.0,,3474.0,4973.0,,,3425.0,3031.0,,3635.0,2893.0,,2781.0
1969-09-01,3043.0,,3474.0,4973.0,,,3425.0,3031.0,,3635.0,2893.0,,2781.0
1969-10-01,3059.0,,3492.0,4946.0,,,3505.0,3001.0,,3655.0,3127.0,,2695.0
1969-11-01,3059.0,,3492.0,4946.0,,,3505.0,3001.0,,3655.0,3127.0,,2695.0
1969-12-01,3059.0,,3492.0,4946.0,,,3505.0,3001.0,,3655.0,3127.0,,2695.0
1970-01-01,3043.0,,3510.0,5298.0,,,3784.0,3104.0,,3614.0,3010.0,,2738.0
1970-02-01,3043.0,,3510.0,5298.0,,,3784.0,3104.0,,3614.0,3010.0,,2738.0
1970-03-01,3043.0,,3510.0,5298.0,,,3784.0,3104.0,,3614.0,3010.0,,2738.0
1970-04-01,3011.0,,3565.0,5190.0,,,3744.0,3294.0,,3779.0,3127.0,,2795.0
1970-05-01,3011.0,,3565.0,5190.0,,,3744.0,3294.0,,3779.0,3127.0,,2795.0
1970-06-01,3011.0,,3565.0,5190.0,,,3744.0,3294.0,,3779.0,3127.0,,2795.0
1970-07-01,3249.0,,3730.0,5568.0,,,3883.0,3236.0,,3922.0,3273.0,,2909.0
1970-08-01,3249.0,,3730.0,5568.0,,,3883.0,3236.0,,3922.0,3273.0,,2909.0
1970-09-01,3249.0,,3730.0,5568.0,,,3883.0,3236.0,,3922.0,3273.0,,2909.0
1970-10-01,3312.0,,3730.0,5622.0,,,3764.0,3353.0,,4004.0,3214.0,,2824.0
1970-11-01,3312.0,,3730.0,5622.0,,,3764.0,3353.0,,4004.0,3214.0,,2824.0
1970-12-01,3312.0,,3730.0,5622.0,,,3764.0,3353.0,,4004.0,3214.0,,2824.0
1971-01-01,3296.0,,3839.0,5757.0,,,4062.0,3294.0,,4148.0,3156.0,,2881.0
1971-02-01,3296.0,,3839.0,5757.0,,,4062.0,3294.0,,4148.0,3156.0,,2881.0
1971-03-01,3296.0,,3839.0,5757.0,,,4062.0,3294.0,,4148.0,3156.0,,2881.0
1971-04-01,3391.0,,3949.0,6109.0,,,4062.0,3353.0,,4148.0,3360.0,,2995.0
1971-05-01,3391.0,,3949.0,6109.0,,,4062.0,3353.0,,4148.0,3360.0,,2995.0
1971-06-01,3391.0,,3949.0,6109.0,,,4062.0,3353.0,,4148.0,3360.0,,2995.0
1971-07-01,3534.0,,4168.0,6379.0,,,4242.0,3719.0,,4415.0,3521.0,,3166.0
1971-08-01,3534.0,,4168.0,6379.0,,,4242.0,3719.0,,4415.0,3521.0,,3166.0
1971-09-01,3534.0,,4168.0,6379.0,,,4242.0,3719.0,,4415.0,3521.0,,3166.0
1971-10-01,3661.0,,4388.0,6757.0,,,3903.0,3558.0,,4662.0,3506.0,,3237.0
1971-11-01,3661.0,,4388.0,6757.0,,,3903.0,3558.0,,4662.0,3506.0,,3237.0
1971-12-01,3661.0,,4388.0,6757.0,,,3903.0,3558.0,,4662.0,3506.0,,3237.0
1972-01-01,3803.0,,4644.0,7541.0,,,4222.0,3733.0,,4990.0,3813.0,,3323.0
1972-02-01,3803.0,,4644.0,7541.0,,,4222.0,3733.0,,4990.0,3813.0,,3323.0
1972-03-01,3803.0,,4644.0,7541.0,,,4222.0,3733.0,,4990.0,3813.0,,3323.0
1972-04-01,4136.0,,5119.0,8433.0,,,4282.0,4114.0,,5627.0,3959.0,,3551.0
1972-05-01,4136.0,,5119.0,8433.0,,,4282.0,4114.0,,5627.0,3959.0,,3551.0
1972-06-01,4136.0,,5119.0,8433.0,,,4282.0,4114.0,,5627.0,3959.0,,3551.0
1972-07-01,4738.0,,5905.0,9569.0,,,4979.0,4363.0,,6674.0,4412.0,,3879.0
1972-08-01,4738.0,,5905.0,9569.0,,,4979.0,4363.0,,6674.0,4412.0,,3879.0
1972-09-01,4738.0,,5905.0,9569.0,,,4979.0,4363.0,,6674.0,4412.0,,3879.0
1972-10-01,5182.0,,6563.0,10758.0,,,4481.0,4392.0,,7372.0,4953.0,,4307.0
1972-11-01,5182.0,,6563.0,10758.0,,,4481.0,4392.0,,7372.0,4953.0,,4307.0
1972-12-01,5182.0,,6563.0,10758.0,,,4481.0,4392.0,,7372.0,4953.0,,4307.0
1973-01-01,5974.0,,7075.0,11271.0,,,4640.0,5066.0,,8132.0,5347.0,,4663.0
1973-02-01,5974.0,,7075.0,11271.0,,,4640.0,5066.0,,8132.0,5347.0,,4663.0
1973-03-01,5974.0,,7075.0,11271.0,,,4640.0,5066.0,,8132.0,5347.0,,4663.0
1973-04-01,6355.0,,7423.0,11434.0,,,4839.0,5256.0,,8461.0,5625.0,,5234.0
1973-05-01,6355.0,,7423.0,11434.0,,,4839.0,5256.0,,8461.0,5625.0,,5234.0
1973-06-01,6355.0,,7423.0,11434.0,,,4839.0,5256.0,,8461.0,5625.0,,5234.0
1973-07-01,6909.0,,7898.0,12001.0,,,5118.0,6120.0,,9118.0,6268.0,,5747.0
1973-08-01,6909.0,,7898.0,12001.0,,,5118.0,6120.0,,9118.0,6268.0,,5747.0
1973-09-01,6909.0,,7898.0,12001.0,,,5118.0,6120.0,,9118.0,6268.0,,5747.0
1973-10-01,7226.0,,7971.0,11650.0,,,6014.0,6046.0,,9015.0,6560.0,,6018.0
1973-11-01,7226.0,,7971.0,11650.0,,,6014.0,6046.0,,9015.0,6560.0,,6018.0
1973-12-01,7226.0,,7971.0,11650.0,,,6014.0,6046.0,,9015.0,6560.0,,6018.0
1974-01-01,6941.0,,8081.0,12055.0,,,6572.0,6237.0,,9303.0,6297.0,,6104.0
1974-02-01,6941.0,,8081.0,12055.0,,,6572.0,6237.0,,9303.0,6297.0,,6104.0
1974-03-01,6941.0,,8081.0,12055.0,,,6572.0,6237.0,,9303.0,6297.0,,6104.0
1974-04-01,7242.0,,8081.0,11623.0,,,7089.0,6398.0,,9056.0,6385.0,,6317.0
1974-05-01,7242.0,,8081.0,11623.0,,,7089.0,6398.0,,9056.0,6385.0,,6317.0
1974-06-01,7242.0,,8081.0,11623.0,,,7089.0,6398.0,,9056.0,6385.0,,6317.0
1974-07-01,7559.0,,8136.0,11569.0,,,7169.0,6456.0,,9385.0,6618.0,,6246.0
1974-08-01,7559.0,,8136.0,11569.0,,,7169.0,6456.0,,9385.0,6618.0,,6246.0
1974-09-01,7559.0,,8136.0,11569.0,,,7169.0,6456.0,,9385.0,6618.0,,6246.0
1974-10-01,7163.0,,8245.0,12028.0,,,6930.0,6442.0,,9262.0,6984.0,,6374.0
1974-11-01,7163.0,,8245.0,12028.0,,,6930.0,6442.0,,9262.0,6984.0,,6374.0
1974-12-01,7163.0,,8245.0,12028.0,,,6930.0,6442.0,,9262.0,6984.0,,6374.0
1975-01-01,7654.0,,8264.0,11515.0,,,7627.0,6691.0,,9467.0,6823.0,,6517.0
1975-02-01,7654.0,,8264.0,11515.0,,,7627.0,6691.0,,9467.0,6823.0,,6517.0
1975-03-01,7654.0,,8264.0,11515.0,,,7627.0,6691.0,,9467.0,6823.0,,6517.0
1975-04-01,7623.0,,8501.0,12218.0,,,7767.0,6983.0,,9364.0,6984.0,,6674.0
1975-05-01,7623.0,,8501.0,12218.0,,,7767.0,6983.0,,9364.0,6984.0,,6674.0
1975-06-01,7623.0,,8501.0,12218.0,,,7767.0,6983.0,,9364.0,6984.0,,6674.0
1975-07-01,7813.0,,8702.0,12542.0,,,8702.0,7525.0,,9590.0,7422.0,,7045.0
1975-08-01,7813.0,,8702.0,12542.0,,,8702.0,7525.0,,9590.0,7422.0,,7045.0
1975-09-01,7813.0,,8702.0,12542.0,,,8702.0,7525.0,,9590.0,7422.0,,7045.0
1975-10-01,8035.0,,8812.0,12109.0,,,8902.0,7657.0,,9672.0,7276.0,,7244.0
1975-11-01,8035.0,,8812.0,12109.0,,,8902.0,7657.0,,9672.0,7276.0,,7244.0
1975-12-01,8035.0,,8812.0,12109.0,,,8902.0,7657.0,,9672.0,7276.0,,7244.0
1976-01-01,8146.0,,8958.0,12515.0,,,9937.0,8096.0,,10206.0,7670.0,,7301.0
1976-02-01,8146.0,,8958.0,12515.0,,,9937.0,8096.0,,10206.0,7670.0,,7301.0
1976-03-01,8146.0,,8958.0,12515.0,,,9937.0,8096.0,,10206.0,7670.0,,7301.0
1976-04-01,8193.0,,9178.0,13001.0,,,9957.0,8579.0,,10227.0,7699.0,,7487.0
1976-05-01,8193.0,,9178.0,13001.0,,,9957.0,8579.0,,10227.0,7699.0,,7487.0
1976-06-01,8193.0,,9178.0,13001.0,,,9957.0,8579.0,,10227.0,7699.0,,7487.0
1976-07-01,8637.0,,9379.0,12947.0,,,11670.0,8887.0,,10186.0,7919.0,,7957.0
1976-08-01,8637.0,,9379.0,12947.0,,,11670.0,8887.0,,10186.0,7919.0,,7957.0
1976-09-01,8637.0,,9379.0,12947.0,,,11670.0,8887.0,,10186.0,7919.0,,7957.0
1976-10-01,8573.0,,9543.0,13353.0,,,10893.0,8901.0,,10391.0,8109.0,,7872.0
1976-11-01,8573.0,,9543.0,13353.0,,,10893.0,8901.0,,10391.0,8109.0,,7872.0
1976-12-01,8573.0,,9543.0,13353.0,,,10893.0,8901.0,,10391.0,8109.0,,7872.0
1977-01-01,8621.0,,9617.0,13758.0,,,12168.0,9018.0,,10288.0,7933.0,,7943.0
1977-02-01,8621.0,,9617.0,13758.0,,,12168.0,9018.0,,10288.0,7933.0,,7943.0
1977-03-01,8621.0,,9617.0,13758.0,,,12168.0,9018.0,,10288.0,7933.0,,7943.0
1977-04-01,8985.0,,9745.0,13272.0,,,12765.0,9180.0,,10494.0,8269.0,,7915.0
1977-05-01,8985.0,,9745.0,13272.0,,,12765.0,9180.0,,10494.0,8269.0,,7915.0
1977-06-01,8985.0,,9745.0,13272.0,,,12765.0,9180.0,,10494.0,8269.0,,7915.0
1977-07-01,9191.0,,10037.0,14110.0,,,12944.0,9619.0,,10802.0,8313.0,,8314.0
1977-08-01,9191.0,,10037.0,14110.0,,,12944.0,9619.0,,10802.0,8313.0,,8314.0
1977-09-01,9191.0,,10037.0,14110.0,,,12944.0,9619.0,,10802.0,8313.0,,8314.0
1977-10-01,9065.0,,10348.0,14272.0,,,13342.0,9853.0,,11397.0,8561.0,,8670.0
1977-11-01,9065.0,,10348.0,14272.0,,,13342.0,9853.0,,11397.0,8561.0,,8670.0
1977-12-01,9065.0,,10348.0,14272.0,,,13342.0,9853.0,,11397.0,8561.0,,8670.0
1978-01-01,9287.0,,10567.0,15002.0,,,13741.0,9765.0,,11459.0,9117.0,,8571.0
1978-02-01,9287.0,,10567.0,15002.0,,,13741.0,9765.0,,11459.0,9117.0,,8571.0
1978-03-01,9287.0,,10567.0,15002.0,,,13741.0,9765.0,,11459.0,9117.0,,8571.0
1978-04-01,9968.0,,11097.0,16407.0,,,14318.0,10278.0,,11972.0,9219.0,,9013.0
1978-05-01,9968.0,,11097.0,16407.0,,,14318.0,10278.0,,11972.0,9219.0,,9013.0
1978-06-01,9968.0,,11097.0,16407.0,,,14318.0,10278.0,,11972.0,9219.0,,9013.0
1978-07-01,10412.0,,11884.0,17110.0,,,15175.0,10980.0,,12670.0,9803.0,,9612.0
1978-08-01,10412.0,,11884.0,17110.0,,,15175.0,10980.0,,12670.0,9803.0,,9612.0
1978-09-01,10412.0,,11884.0,17110.0,,,15175.0,10980.0,,12670.0,9803.0,,9612.0
1978-10-01,10951.0,,12743.0,17975.0,,,16150.0,11522.0,,13841.0,10315.0,,9954.0
1978-11-01,10951.0,,12743.0,17975.0,,,16150.0,11522.0,,13841.0,10315.0,,9954.0
1978-12-01,10951.0,,12743.0,17975.0,,,16150.0,11522.0,,13841.0,10315.0,,9954.0
1979-01-01,11584.0,,13419.0,20218.0,,,15812.0,11815.0,,14580.0,10680.0,,10282.0
1979-02-01,11584.0,,13419.0,20218.0,,,15812.0,11815.0,,14580.0,10680.0,,10282.0
1979-03-01,11584.0,,13419.0,20218.0,,,15812.0,11815.0,,14580.0,10680.0,,10282.0
1979-04-01,12551.0,,14480.0,21543.0,,,17047.0,12313.0,,15874.0,11790.0,,11437.0
1979-05-01,12551.0,,14480.0,21543.0,,,17047.0,12313.0,,15874.0,11790.0,,11437.0
1979-06-01,12551.0,,14480.0,21543.0,,,17047.0,12313.0,,15874.0,11790.0,,11437.0
1979-07-01,13359.0,,15540.0,22813.0,,,18918.0,13425.0,,16962.0,12784.0,,12164.0
1979-08-01,13359.0,,15540.0,22813.0,,,18918.0,13425.0,,16962.0,12784.0,,12164.0
1979-09-01,13359.0,,15540.0,22813.0,,,18918.0,13425.0,,16962.0,12784.0,,12164.0
1979-10-01,13851.0,,16655.0,24327.0,,,20233.0,13396.0,,18482.0,13602.0,,12592.0
1979-11-01,13851.0,,16655.0,24327.0,,,20233.0,13396.0,,18482.0,13602.0,,12592.0
1979-12-01,13851.0,,16655.0,24327.0,,,20233.0,13396.0,,18482.0,13602.0,,12592.0
1980-01-01,14912.0,,17350.0,25732.0,,,18918.0,14040.0,,19242.0,13719.0,,13277.0
1980-02-01,14912.0,,17350.0,25732.0,,,18918.0,14040.0,,19242.0,13719.0,,13277.0
1980-03-01,14912.0,,17350.0,25732.0,,,18918.0,14040.0,,19242.0,13719.0,,13277.0
1980-04-01,15657.0,,18063.0,27057.0,,,19775.0,14157.0,,19694.0,14435.0,,14175.0
1980-05-01,15657.0,,18063.0,27057.0,,,19775.0,14157.0,,19694.0,14435.0,,14175.0
1980-06-01,15657.0,,18063.0,27057.0,,,19775.0,14157.0,,19694.0,14435.0,,14175.0
1980-07-01,16735.0,,18630.0,27246.0,,,21169.0,15167.0,,21645.0,14844.0,,14745.0
1980-08-01,16735.0,,18630.0,27246.0,,,21169.0,15167.0,,21645.0,14844.0,,14745.0
1980-09-01,16735.0,,18630.0,27246.0,,,21169.0,15167.0,,21645.0,14844.0,,14745.0
1980-10-01,16164.0,,18813.0,27760.0,,,19854.0,14933.0,,21295.0,15574.0,,14831.0
1980-11-01,16164.0,,18813.0,27760.0,,,19854.0,14933.0,,21295.0,15574.0,,14831.0
1980-12-01,16164.0,,18813.0,27760.0,,,19854.0,14933.0,,21295.0,15574.0,,14831.0
1981-01-01,16402.0,,18849.0,26624.0,,,19217.0,15358.0,,20392.0,15034.0,,15458.0
1981-02-01,16402.0,,18849.0,26624.0,,,19217.0,15358.0,,20392.0,15034.0,,15458.0
1981-03-01,16402.0,,18849.0,26624.0,,,19217.0,15358.0,,20392.0,15034.0,,15458.0
1981-04-01,17147.0,,19343.0,28381.0,,,18918.0,16134.0,,21419.0,15823.0,,16143.0
1981-05-01,17147.0,,19343.0,28381.0,,,18918.0,16134.0,,21419.0,15823.0,,16143.0
1981-06-01,17147.0,,19343.0,28381.0,,,18918.0,16134.0,,21419.0,15823.0,,16143.0
1981-07-01,17559.0,,19599.0,28111.0,,,19496.0,16295.0,,22096.0,17167.0,,16385.0
1981-08-01,17559.0,,19599.0,28111.0,,,19496.0,16295.0,,22096.0,17167.0,,16385.0
1981-09-01,17559.0,,19599.0,28111.0,,,19496.0,16295.0,,22096.0,17167.0,,16385.0
1981-10-01,17210.0,,19270.0,28273.0,,,19775.0,16368.0,,20700.0,15384.0,,16143.0
1981-11-01,17210.0,,19270.0,28273.0,,,19775.0,16368.0,,20700.0,15384.0,,16143.0
1981-12-01,17210.0,,19270.0,28273.0,,,19775.0,16368.0,,20700.0,15384.0,,16143.0
1982-01-01,17369.0,,18740.0,26300.0,,,19277.0,16295.0,,21172.0,15472.0,,15487.0
1982-02-01,17369.0,,18740.0,26300.0,,,19277.0,16295.0,,21172.0,15472.0,,15487.0
1982-03-01,17369.0,,18740.0,26300.0,,,19277.0,16295.0,,21172.0,15472.0,,15487.0
1982-04-01,17907.0,,19526.0,28273.0,,,20392.0,17027.0,,21809.0,16801.0,,15829.0
1982-05-01,17907.0,,19526.0,28273.0,,,20392.0,17027.0,,21809.0,16801.0,,15829.0
1982-06-01,17907.0,,19526.0,28273.0,,,20392.0,17027.0,,21809.0,16801.0,,15829.0
1982-07-01,18193.0,,20038.0,28787.0,,,20014.0,17173.0,,21994.0,17181.0,,16229.0
1982-08-01,18193.0,,20038.0,28787.0,,,20014.0,17173.0,,21994.0,17181.0,,16229.0
1982-09-01,18193.0,,20038.0,28787.0,,,20014.0,17173.0,,21994.0,17181.0,,16229.0
1982-10-01,17194.0,,20312.0,29733.0,,,20930.0,17729.0,,22856.0,17254.0,,16713.0
1982-11-01,17194.0,,20312.0,29733.0,,,20930.0,17729.0,,22856.0,17254.0,,16713.0
1982-12-01,17194.0,,20312.0,29733.0,,,20930.0,17729.0,,22856.0,17254.0,,16713.0
1983-01-01,18858.0,,21025.0,30273.0,,,19914.0,18154.0,,22795.0,17094.0,,16970.0
1983-02-01,18858.0,,21025.0,30273.0,,,19914.0,18154.0,,22795.0,17094.0,,16970.0
1983-03-01,18858.0,,21025.0,30273.0,,,19914.0,18154.0,,22795.0,17094.0,,16970.0
1983-04-01,19334.0,,21573.0,31084.0,,,21706.0,19472.0,,24232.0,17824.0,,17826.0
1983-05-01,19334.0,,21573.0,31084.0,,,21706.0,19472.0,,24232.0,17824.0,,17826.0
1983-06-01,19334.0,,21573.0,31084.0,,,21706.0,19472.0,,24232.0,17824.0,,17826.0
1983-07-01,19809.0,,22487.0,32436.0,,,23100.0,19032.0,,24643.0,18993.0,,18681.0
1983-08-01,19809.0,,22487.0,32436.0,,,23100.0,19032.0,,24643.0,18993.0,,18681.0
1983-09-01,19809.0,,22487.0,32436.0,,,23100.0,19032.0,,24643.0,18993.0,,18681.0
1983-10-01,19968.0,,22670.0,33247.0,,,23100.0,19911.0,,25464.0,19285.0,,18681.0
1983-11-01,19968.0,,22670.0,33247.0,,,23100.0,19911.0,,25464.0,19285.0,,18681.0
1983-12-01,19968.0,,22670.0,33247.0,,,23100.0,19911.0,,25464.0,19285.0,,18681.0
1984-01-01,20760.0,,23036.0,33787.0,,,22901.0,19325.0,,24848.0,18555.0,,18539.0
1984-02-01,20760.0,,23036.0,33787.0,,,22901.0,19325.0,,24848.0,18555.0,,18539.0
1984-03-01,20760.0,,23036.0,33787.0,,,22901.0,19325.0,,24848.0,18555.0,,18539.0
1984-04-01,21394.0,,23767.0,37031.0,,,22105.0,20204.0,,25875.0,18701.0,,18824.0
1984-05-01,21394.0,,23767.0,37031.0,,,22105.0,20204.0,,25875.0,18701.0,,18824.0
1984-06-01,21394.0,,23767.0,37031.0,,,22105.0,20204.0,,25875.0,18701.0,,18824.0
1984-07-01,21711.0,,24681.0,37842.0,,,22503.0,20936.0,,26696.0,19285.0,,19965.0
1984-08-01,21711.0,,24681.0,37842.0,,,22503.0,20936.0,,26696.0,19285.0,,19965.0
1984-09-01,21711.0,,24681.0,37842.0,,,22503.0,20936.0,,26696.0,19285.0,,19965.0
1984-10-01,21711.0,,25047.0,38653.0,,,22503.0,20789.0,,27107.0,19577.0,,19394.0
1984-11-01,21711.0,,25047.0,38653.0,,,22503.0,20789.0,,27107.0,19577.0,,19394.0
1984-12-01,21711.0,,25047.0,38653.0,,,22503.0,20789.0,,27107.0,19577.0,,19394.0
1985-01-01,22345.0,,25047.0,38382.0,,,23100.0,20643.0,,26696.0,20308.0,,19965.0
1985-02-01,22345.0,,25047.0,38382.0,,,23100.0,20643.0,,26696.0,20308.0,,19965.0
1985-03-01,22345.0,,25047.0,38382.0,,,23100.0,20643.0,,26696.0,20308.0,,19965.0
1985-04-01,21869.0,,25961.0,41626.0,,,22702.0,21668.0,,28545.0,20162.0,,20250.0
1985-05-01,21869.0,,25961.0,41626.0,,,22702.0,21668.0,,28545.0,20162.0,,20250.0
1985-06-01,21869.0,,25961.0,41626.0,,,22702.0,21668.0,,28545.0,20162.0,,20250.0
1985-07-01,23613.0,,26692.0,42437.0,,,24694.0,21521.0,,28955.0,20746.0,,20250.0
1985-08-01,23613.0,,26692.0,42437.0,,,24694.0,21521.0,,28955.0,20746.0,,20250.0
1985-09-01,23613.0,,26692.0,42437.0,,,24694.0,21521.0,,28955.0,20746.0,,20250.0
1985-10-01,24088.0,,27424.0,44870.0,,,24893.0,21961.0,,30187.0,20746.0,,21391.0
1985-11-01,24088.0,,27424.0,44870.0,,,24893.0,21961.0,,30187.0,20746.0,,21391.0
1985-12-01,24088.0,,27424.0,44870.0,,,24893.0,21961.0,,30187.0,20746.0,,21391.0
1986-01-01,23771.0,,28155.0,46491.0,,,25092.0,22107.0,,31009.0,20892.0,,20963.0
1986-02-01,23771.0,,28155.0,46491.0,,,25092.0,22107.0,,31009.0,20892.0,,20963.0
1986-03-01,23771.0,,28155.0,46491.0,,,25092.0,22107.0,,31009.0,20892.0,,20963.0
1986-04-01,25673.0,,29435.0,50276.0,,,26287.0,22693.0,,32446.0,21038.0,,22104.0
1986-05-01,25673.0,,29435.0,50276.0,,,26287.0,22693.0,,32446.0,21038.0,,22104.0
1986-06-01,25673.0,,29435.0,50276.0,,,26287.0,22693.0,,32446.0,21038.0,,22104.0
1986-07-01,25514.0,,30897.0,52438.0,,,26088.0,22693.0,,33678.0,22938.0,,22247.0
1986-08-01,25514.0,,30897.0,52438.0,,,26088.0,22693.0,,33678.0,22938.0,,22247.0
1986-09-01,25514.0,,30897.0,52438.0,,,26088.0,22693.0,,33678.0,22938.0,,22247.0
1986-10-01,26624.0,,31994.0,56222.0,,,26486.0,23132.0,,34705.0,22645.0,,23102.0
1986-11-01,26624.0,,31994.0,56222.0,,,26486.0,23132.0,,34705.0,22645.0,,23102.0
1986-12-01,26624.0,,31994.0,56222.0,,,26486.0,23132.0,,34705.0,22645.0,,23102.0
1987-01-01,27416.0,,32908.0,57574.0,,,26486.0,23571.0,,36143.0,23376.0,,22960.0
1987-02-01,27416.0,,32908.0,57574.0,,,26486.0,23571.0,,36143.0,23376.0,,22960.0
1987-03-01,27416.0,,32908.0,57574.0,,,26486.0,23571.0,,36143.0,23376.0,,22960.0
1987-04-01,28525.0,,34554.0,60817.0,,,27681.0,24303.0,,37580.0,23522.0,,23530.0
1987-05-01,28525.0,,34554.0,60817.0,,,27681.0,24303.0,,37580.0,23522.0,,23530.0
1987-06-01,28525.0,,34554.0,60817.0,,,27681.0,24303.0,,37580.0,23522.0,,23530.0
1987-07-01,28684.0,,36199.0,64872.0,,,27282.0,24010.0,,39223.0,24545.0,,24813.0
1987-08-01,28684.0,,36199.0,64872.0,,,27282.0,24010.0,,39223.0,24545.0,,24813.0
1987-09-01,28684.0,,36199.0,64872.0,,,27282.0,24010.0,,39223.0,24545.0,,24813.0
1987-10-01,30183.0,,38489.0,69999.0,,,27355.0,24964.0,,41974.0,25545.0,,24742.0
1987-11-01,30183.0,,38489.0,69999.0,,,27355.0,24964.0,,41974.0,25545.0,,24742.0
1987-12-01,30183.0,,38489.0,69999.0,,,27355.0,24964.0,,41974.0,25545.0,,24742.0
1988-01-01,31796.0,,40335.0,72108.0,,,28075.0,23888.0,,44274.0,25545.0,,25765.0
1988-02-01,31796.0,,40335.0,72108.0,,,28075.0,23888.0,,44274.0,25545.0,,25765.0
1988-03-01,31796.0,,40335.0,72108.0,,,28075.0,23888.0,,44274.0,25545.0,,25765.0
1988-04-01,35483.0,,42707.0,75903.0,,,28315.0,25609.0,,47436.0,27193.0,,25969.0
1988-05-01,35483.0,,42707.0,75903.0,,,28315.0,25609.0,,47436.0,27193.0,,25969.0
1988-06-01,35483.0,,42707.0,75903.0,,,28315.0,25609.0,,47436.0,27193.0,,25969.0
1988-07-01,39169.0,,48771.0,81385.0,,,28555.0,27116.0,,57786.0,31313.0,,29241.0
1988-08-01,39169.0,,48771.0,81385.0,,,28555.0,27116.0,,57786.0,31313.0,,29241.0
1988-09-01,39169.0,,48771.0,81385.0,,,28555.0,27116.0,,57786.0,31313.0,,29241.0
1988-10-01,42625.0,,51671.0,87288.0,,,29035.0,27977.0,,63536.0,32137.0,,34149.0
1988-11-01,42625.0,,51671.0,87288.0,,,29035.0,27977.0,,63536.0,32137.0,,34149.0
1988-12-01,42625.0,,51671.0,87288.0,,,29035.0,27977.0,,63536.0,32137.0,,34149.0
1989-01-01,44238.0,,52725.0,83493.0,,,31435.0,28407.0,,60374.0,36463.0,,35580.0
1989-02-01,44238.0,,52725.0,83493.0,,,31435.0,28407.0,,60374.0,36463.0,,35580.0
1989-03-01,44238.0,,52725.0,83493.0,,,31435.0,28407.0,,60374.0,36463.0,,35580.0
1989-04-01,47694.0,,54307.0,87710.0,,,27355.0,30129.0,,62098.0,40583.0,,39056.0
1989-05-01,47694.0,,54307.0,87710.0,,,27355.0,30129.0,,62098.0,40583.0,,39056.0
1989-06-01,47694.0,,54307.0,87710.0,,,27355.0,30129.0,,62098.0,40583.0,,39056.0
1989-07-01,49307.0,,56416.0,86445.0,,,31914.0,31205.0,,66123.0,41613.0,,42328.0
1989-08-01,49307.0,,56416.0,86445.0,,,31914.0,31205.0,,66123.0,41613.0,,42328.0
1989-09-01,49307.0,,56416.0,86445.0,,,31914.0,31205.0,,66123.0,41613.0,,42328.0
1989-10-01,48616.0,,55098.0,83915.0,,,28315.0,33357.0,,62961.0,39965.0,,41919.0
1989-11-01,48616.0,,55098.0,83915.0,,,28315.0,33357.0,,62961.0,39965.0,,41919.0
1989-12-01,48616.0,,55098.0,83915.0,,,28315.0,33357.0,,62961.0,39965.0,,41919.0
1990-01-01,46521.0,,53894.0,85547.0,,,30482.0,32588.0,,57327.0,40372.0,,42433.0
1990-02-01,46521.0,,53894.0,85547.0,,,30482.0,32588.0,,57327.0,40372.0,,42433.0
1990-03-01,46521.0,,53894.0,85547.0,,,30482.0,32588.0,,57327.0,40372.0,,42433.0
1990-04-01,48861.0,,53358.0,82774.0,,,31017.0,33624.0,,57213.0,38963.0,,42779.0
1990-05-01,48861.0,,53358.0,82774.0,,,31017.0,33624.0,,57213.0,38963.0,,42779.0
1990-06-01,48861.0,,53358.0,82774.0,,,31017.0,33624.0,,57213.0,38963.0,,42779.0
1990-07-01,47380.0,,54109.0,86975.0,,,30923.0,34797.0,,57270.0,43813.0,,43901.0
1990-08-01,47380.0,,54109.0,86975.0,,,30923.0,34797.0,,57270.0,43813.0,,43901.0
1990-09-01,47380.0,,54109.0,86975.0,,,30923.0,34797.0,,57270.0,43813.0,,43901.0
1990-10-01,47524.0,,53090.0,81177.0,,,33817.0,36351.0,,56187.0,41864.0,,43512.0
1990-11-01,47524.0,,53090.0,81177.0,,,33817.0,36351.0,,56187.0,41864.0,,43512.0
1990-12-01,47524.0,,53090.0,81177.0,,,33817.0,36351.0,,56187.0,41864.0,,43512.0
1991-01-01,44371.0,,52125.0,82269.0,,,33439.0,38491.0,,54247.0,39419.0,,42994.0
1991-02-01,44371.0,,52125.0,82269.0,,,33439.0,38491.0,,54247.0,39419.0,,42994.0
1991-03-01,44371.0,,52125.0,82269.0,,,33439.0,38491.0,,54247.0,39419.0,,42994.0
1991-04-01,45756.0,,52178.0,80505.0,,,32118.0,36558.0,,53962.0,38880.0,,45455.0
1991-05-01,45756.0,,52178.0,80505.0,,,32118.0,36558.0,,53962.0,38880.0,,45455.0
1991-06-01,45756.0,,52178.0,80505.0,,,32118.0,36558.0,,53962.0,38880.0,,45455.0
1991-07-01,48765.0,,53197.0,81261.0,,,33471.0,36316.0,,56814.0,41243.0,,45584.0
1991-08-01,48765.0,,53197.0,81261.0,,,33471.0,36316.0,,56814.0,41243.0,,45584.0
1991-09-01,48765.0,,53197.0,81261.0,,,33471.0,36316.0,,56814.0,41243.0,,45584.0
1991-10-01,47380.0,,52339.0,78572.0,,,36019.0,37973.0,,54932.0,43357.0,,45110.0
1991-11-01,47380.0,,52339.0,78572.0,,,36019.0,37973.0,,54932.0,43357.0,,45110.0
1991-12-01,47380.0,,52339.0,78572.0,,,36019.0,37973.0,,54932.0,43357.0,,45110.0
1992-01-01,46139.0,,51374.0,78572.0,,,32716.0,38733.0,,53962.0,42693.0,,44419.0
1992-02-01,46139.0,,51374.0,78572.0,,,32716.0,38733.0,,53962.0,42693.0,,44419.0
1992-03-01,46139.0,,51374.0,78572.0,,,32716.0,38733.0,,53962.0,42693.0,,44419.0
1992-04-01,45900.0,56457.0,50033.0,72269.0,40046.0,,33943.0,38802.0,64474.0,51965.0,40041.0,,45153.0
1992-05-01,45900.0,56457.0,50033.0,72269.0,40046.0,,33943.0,38802.0,64474.0,51965.0,40041.0,,45153.0
1992-06-01,45900.0,56457.0,50033.0,72269.0,40046.0,,33943.0,38802.0,64474.0,51965.0,40041.0,,45153.0
1992-07-01,45328.0,57176.0,50180.0,72051.0,38076.0,,34745.0,39522.0,65524.0,52664.0,38998.0,,45692.0
1992-08-01,45328.0,57176.0,50180.0,72051.0,38076.0,,34745.0,39522.0,65524.0,52664.0,38998.0,,45692.0
1992-09-01,45328.0,57176.0,50180.0,72051.0,38076.0,,34745.0,39522.0,65524.0,52664.0,38998.0,,45692.0
1992-10-01,42954.0,55684.0,47975.0,69358.0,40247.0,,35024.0,39962.0,62001.0,49320.0,39318.0,,40610.0
1992-11-01,42954.0,55684.0,47975.0,69358.0,40247.0,,35024.0,39962.0,62001.0,49320.0,39318.0,,40610.0
1992-12-01,42954.0,55684.0,47975.0,69358.0,40247.0,,35024.0,39962.0,62001.0,49320.0,39318.0,,40610.0
1993-01-01,43833.0,54248.0,48465.0,72342.0,38961.0,,33803.0,37882.0,60085.0,48621.0,39800.0,,45827.0
1993-02-01,43833.0,54248.0,48465.0,72342.0,38961.0,,33803.0,37882.0,60085.0,48621.0,39800.0,,45827.0
1993-03-01,43833.0,54248.0,48465.0,72342.0,38961.0,,33803.0,37882.0,60085.0,48621.0,39800.0,,45827.0
1993-04-01,44053.0,54966.0,48612.0,73798.0,40368.0,,34187.0,41002.0,62125.0,48871.0,39880.0,,43534.0
1993-05-01,44053.0,54966.0,48612.0,73798.0,40368.0,,34187.0,41002.0,62125.0,48871.0,39880.0,,43534.0
1993-06-01,44053.0,54966.0,48612.0,73798.0,40368.0,,34187.0,41002.0,62125.0,48871.0,39880.0,,43534.0
1993-07-01,44141.0,56513.0,49641.0,73070.0,41293.0,,37675.0,41082.0,62866.0,50518.0,40281.0,,46142.0
1993-08-01,44141.0,56513.0,49641.0,73070.0,41293.0,,37675.0,41082.0,62866.0,50518.0,40281.0,,46142.0
1993-09-01,44141.0,56513.0,49641.0,73070.0,41293.0,,37675.0,41082.0,62866.0,50518.0,40281.0,,46142.0
1993-10-01,43789.0,54745.0,48906.0,71833.0,40207.0,,34396.0,39162.0,61506.0,50767.0,39960.0,,44163.0
1993-11-01,43789.0,54745.0,48906.0,71833.0,40207.0,,34396.0,39162.0,61506.0,50767.0,39960.0,,44163.0
1993-12-01,43789.0,54745.0,48906.0,71833.0,40207.0,,34396.0,39162.0,61506.0,50767.0,39960.0,,44163.0
1994-01-01,44801.0,55408.0,49543.0,72415.0,40689.0,,36140.0,39042.0,63361.0,49719.0,38476.0,,45513.0
1994-02-01,44801.0,55408.0,49543.0,72415.0,40689.0,,36140.0,39042.0,63361.0,49719.0,38476.0,,45513.0
1994-03-01,44801.0,55408.0,49543.0,72415.0,40689.0,,36140.0,39042.0,63361.0,49719.0,38476.0,,45513.0
1994-04-01,44625.0,55739.0,50082.0,78164.0,40368.0,,33385.0,40602.0,63732.0,51666.0,41605.0,,43938.0
1994-05-01,44625.0,55739.0,50082.0,78164.0,40368.0,,33385.0,40602.0,63732.0,51666.0,41605.0,,43938.0
1994-06-01,44625.0,55739.0,50082.0,78164.0,40368.0,,33385.0,40602.0,63732.0,51666.0,41605.0,,43938.0
1994-07-01,45548.0,56236.0,50719.0,78455.0,42097.0,,38094.0,41522.0,64597.0,51466.0,42969.0,,43804.0
1994-08-01,45548.0,56236.0,50719.0,78455.0,42097.0,,38094.0,41522.0,64597.0,51466.0,42969.0,,43804.0
1994-09-01,45548.0,56236.0,50719.0,78455.0,42097.0,,38094.0,41522.0,64597.0,51466.0,42969.0,,43804.0
1994-10-01,44932.0,56457.0,50670.0,75908.0,42097.0,,37780.0,40482.0,65648.0,52415.0,38396.0,,44028.0
1994-11-01,44932.0,56457.0,50670.0,75908.0,42097.0,,37780.0,40482.0,65648.0,52415.0,38396.0,,44028.0
1994-12-01,44932.0,56457.0,50670.0,75908.0,42097.0,,37780.0,40482.0,65648.0,52415.0,38396.0,,44028.0
1995-01-01,43856.0,56098.0,50231.0,79687.0,39809.0,40907.0,40013.0,38802.0,64502.0,52799.0,40870.0,43105.0,42171.0
1995-02-01,44344.0,55991.0,50130.0,77913.0,40278.0,40877.0,40013.0,38802.0,64196.0,52462.0,40168.0,43634.0,41912.0
1995-03-01,43701.0,55574.0,50229.0,79110.0,40086.0,41351.0,40013.0,38802.0,64597.0,51716.0,39559.0,43886.0,42544.0
1995-04-01,44414.0,55966.0,50597.0,79708.0,39827.0,41195.0,40396.0,39442.0,65111.0,52877.0,40199.0,44010.0,42934.0
1995-05-01,44177.0,55879.0,50679.0,80754.0,40935.0,41154.0,40396.0,39442.0,65017.0,52793.0,40172.0,44269.0,42197.0
1995-06-01,43987.0,55690.0,50733.0,80941.0,40035.0,41051.0,40396.0,39442.0,66005.0,52524.0,41223.0,44348.0,42725.0
1995-07-01,44331.0,56633.0,50889.0,81345.0,40955.0,41048.0,40606.0,42242.0,65717.0,52375.0,41271.0,44587.0,42859.0
1995-08-01,44220.0,56129.0,50606.0,80858.0,39641.0,41126.0,40606.0,42242.0,65341.0,52471.0,40870.0,44471.0,42461.0
1995-09-01,44075.0,55661.0,50331.0,80228.0,39595.0,41028.0,40606.0,42242.0,64838.0,52354.0,40870.0,44350.0,42203.0
1995-10-01,43481.0,54653.0,49892.0,79544.0,39442.0,40118.0,41234.0,41442.0,64610.0,52374.0,40193.0,44292.0,41706.0
1995-11-01,43300.0,55283.0,49839.0,79347.0,39479.0,40327.0,41234.0,41442.0,64902.0,51925.0,40346.0,43759.0,41571.0
1995-12-01,43957.0,54933.0,49965.0,80482.0,40023.0,40363.0,41234.0,41442.0,64745.0,51231.0,39715.0,43524.0,41845.0
1996-01-01,42965.0,54448.0,49410.0,80658.0,38592.0,39642.0,41408.0,43242.0,64540.0,51513.0,40283.0,42910.0,40907.0
1996-02-01,42856.0,54727.0,49601.0,81455.0,38528.0,40090.0,41408.0,43242.0,64251.0,51400.0,39692.0,43108.0,41240.0
1996-03-01,43515.0,54477.0,49739.0,81031.0,39503.0,40167.0,41408.0,43242.0,64290.0,51740.0,39362.0,42952.0,41303.0
1996-04-01,44010.0,55229.0,50352.0,82183.0,39346.0,40378.0,44059.0,40642.0,65475.0,52853.0,41006.0,43402.0,41922.0
1996-05-01,44033.0,55542.0,50815.0,82663.0,40671.0,40875.0,44059.0,40642.0,65837.0,52959.0,40703.0,43778.0,42307.0
1996-06-01,44438.0,55999.0,51071.0,83652.0,40539.0,40827.0,44059.0,40642.0,66425.0,53156.0,41003.0,44313.0,42475.0
1996-07-01,44850.0,56466.0,51648.0,84358.0,40494.0,41232.0,43990.0,42322.0,67506.0,54008.0,41206.0,44807.0,42968.0
1996-08-01,45322.0,57334.0,52028.0,84636.0,41036.0,41500.0,43990.0,42322.0,67841.0,54264.0,41283.0,44987.0,42855.0
1996-09-01,45198.0,56996.0,51952.0,85379.0,40760.0,41540.0,43990.0,42322.0,67703.0,54477.0,40852.0,45061.0,42479.0
1996-10-01,44796.0,57055.0,51862.0,85114.0,40245.0,41387.0,47408.0,42602.0,67639.0,54807.0,41454.0,45212.0,42237.0
1996-11-01,45534.0,57799.0,52396.0,85884.0,40492.0,41369.0,47408.0,42602.0,68479.0,55189.0,41029.0,45372.0,42957.0
1996-12-01,45876.0,58337.0,52640.0,87161.0,40338.0,41542.0,47408.0,42602.0,69290.0,54967.0,41550.0,45650.0,42592.0
1997-01-01,45041.0,58453.0,52672.0,88926.0,40071.0,41034.0,49292.0,41802.0,69528.0,55739.0,41212.0,45442.0,42341.0
1997-02-01,45591.0,59049.0,53060.0,89476.0,40280.0,41589.0,49292.0,41802.0,70201.0,55902.0,42260.0,45445.0,42129.0
1997-03-01,45952.0,59232.0,53612.0,90543.0,40432.0,41927.0,49292.0,41802.0,71255.0,56580.0,42183.0,45522.0,42652.0
1997-04-01,46889.0,59716.0,54361.0,92161.0,41606.0,41826.0,46641.0,44242.0,72497.0,57463.0,41863.0,46160.0,43585.0
1997-05-01,47201.0,61080.0,55230.0,94791.0,41714.0,42532.0,46641.0,44242.0,73912.0,57651.0,43029.0,46638.0,43894.0
1997-06-01,47151.0,62106.0,55836.0,95527.0,42223.0,43226.0,46641.0,44242.0,75002.0,58480.0,43829.0,47092.0,44125.0
1997-07-01,48344.0,63500.0,56732.0,98629.0,43111.0,43015.0,49745.0,45442.0,76359.0,59387.0,43327.0,47333.0,44276.0
1997-08-01,48731.0,63979.0,57356.0,98619.0,42379.0,43619.0,49745.0,45442.0,78050.0,60410.0,44007.0,47723.0,44444.0
1997-09-01,48531.0,64316.0,57584.0,100825.0,41411.0,43700.0,49745.0,45442.0,78656.0,60796.0,43819.0,47983.0,44428.0
1997-10-01,48299.0,65374.0,57637.0,100544.0,41625.0,43290.0,49501.0,45522.0,79664.0,60911.0,43806.0,47999.0,43810.0
1997-11-01,48922.0,64831.0,58063.0,101739.0,41676.0,43476.0,49501.0,45522.0,80558.0,61822.0,43700.0,47826.0,44026.0
1997-12-01,48475.0,65502.0,58125.0,103697.0,41987.0,43055.0,49501.0,45522.0,80441.0,61234.0,43814.0,47916.0,43511.0
1998-01-01,48889.0,66187.0,58444.0,104822.0,41861.0,43094.0,50269.0,44642.0,80579.0,61913.0,44055.0,48150.0,44015.0
1998-02-01,48519.0,66029.0,58214.0,103784.0,41165.0,42653.0,50269.0,44642.0,80823.0,61734.0,43501.0,48364.0,44132.0
1998-03-01,48667.0,66276.0,58775.0,105914.0,42372.0,43103.0,50269.0,44642.0,81797.0,62609.0,44132.0,48234.0,43873.0
1998-04-01,50047.0,67855.0,60109.0,108433.0,42612.0,44339.0,53373.0,46282.0,83804.0,63949.0,45389.0,48482.0,44587.0
1998-05-01,50394.0,68947.0,60687.0,108209.0,42734.0,45039.0,53373.0,46282.0,84626.0,64682.0,45211.0,49116.0,45053.0
1998-06-01,50480.0,69300.0,61026.0,110150.0,43485.0,44721.0,53373.0,46282.0,85660.0,64410.0,45333.0,49884.0,44966.0
1998-07-01,50996.0,70203.0,61817.0,111731.0,43321.0,45088.0,54280.0,48562.0,86643.0,66318.0,45705.0,50343.0,45727.0
1998-08-01,51454.0,70370.0,62071.0,111421.0,44060.0,44795.0,54280.0,48562.0,87517.0,66512.0,45727.0,50502.0,45872.0
1998-09-01,51133.0,70918.0,61941.0,111992.0,44004.0,44965.0,54280.0,48562.0,87377.0,65836.0,45692.0,50293.0,45226.0
1998-10-01,50941.0,70801.0,61805.0,111529.0,43094.0,44757.0,56199.0,46682.0,87502.0,65753.0,45449.0,50152.0,45350.0
1998-11-01,50718.0,70441.0,61713.0,111615.0,43024.0,44739.0,56199.0,46682.0,87608.0,66549.0,44984.0,49900.0,44353.0
1998-12-01,51137.0,70526.0,61912.0,112178.0,43516.0,45038.0,56199.0,46682.0,87439.0,65986.0,45767.0,50090.0,45110.0
1999-01-01,51095.0,71200.0,62092.0,113152.0,43016.0,44290.0,58502.0,44962.0,88004.0,67028.0,46581.0,50323.0,44790.0
1999-02-01,50697.0,71261.0,61861.0,112701.0,41599.0,44179.0,58502.0,44962.0,88103.0,66962.0,45880.0,50283.0,44755.0
1999-03-01,51569.0,71174.0,62669.0,114975.0,43052.0,44732.0,58502.0,44962.0,88688.0,68452.0,45446.0,50370.0,45281.0
1999-04-01,53383.0,72762.0,63869.0,117355.0,43561.0,45971.0,57141.0,47362.0,90431.0,69038.0,46877.0,50686.0,45614.0
1999-05-01,52953.0,73500.0,64580.0,119062.0,43684.0,46539.0,57141.0,47362.0,91486.0,69994.0,46484.0,51426.0,46617.0
1999-06-01,53224.0,74998.0,65550.0,121314.0,45102.0,46704.0,57141.0,47362.0,93186.0,71066.0,46975.0,52261.0,46962.0
1999-07-01,54467.0,76337.0,66668.0,125290.0,45179.0,47342.0,59688.0,49922.0,94845.0,72363.0,48092.0,52989.0,46841.0
1999-08-01,55019.0,77359.0,67694.0,127779.0,45141.0,47772.0,59688.0,49922.0,97266.0,73249.0,47489.0,53716.0,47634.0
1999-09-01,55102.0,79067.0,68748.0,131261.0,45167.0,47964.0,59688.0,49922.0,99884.0,75382.0,48716.0,54123.0,47427.0
1999-10-01,55329.0,79536.0,69179.0,131680.0,46331.0,47852.0,59548.0,49922.0,100753.0,76227.0,48593.0,54471.0,47440.0
1999-11-01,56135.0,81299.0,70087.0,134668.0,46069.0,48186.0,59548.0,49922.0,102162.0,77098.0,49410.0,54827.0,47939.0
1999-12-01,56197.0,82928.0,70878.0,136943.0,45695.0,48443.0,59548.0,49922.0,104125.0,78380.0,48995.0,55360.0,47678.0
2000-01-01,55927.0,83296.0,71017.0,139611.0,45038.0,47625.0,63316.0,49682.0,105145.0,78545.0,49286.0,55445.0,47522.0
2000-02-01,56403.0,83095.0,71405.0,142068.0,45184.0,47437.0,63316.0,49682.0,105511.0,79717.0,49533.0,55456.0,47607.0
2000-03-01,57032.0,85007.0,72713.0,143760.0,46055.0,48781.0,63316.0,49682.0,108578.0,81280.0,49570.0,55334.0,47753.0
2000-04-01,58632.0,88257.0,75186.0,150595.0,46798.0,49891.0,64292.0,49442.0,112791.0,83883.0,50618.0,56257.0,49422.0
2000-05-01,59153.0,90202.0,75859.0,150800.0,47097.0,49870.0,64292.0,49442.0,113952.0,85069.0,50753.0,57348.0,49866.0
2000-06-01,60111.0,90619.0,76729.0,153669.0,46362.0,49743.0,64292.0,49442.0,116512.0,86291.0,50597.0,58320.0,50465.0
2000-07-01,61121.0,92783.0,77950.0,156545.0,47699.0,50530.0,64885.0,49762.0,117477.0,88035.0,51806.0,58859.0,50888.0
2000-08-01,61680.0,94070.0,78839.0,157676.0,47969.0,51183.0,64885.0,49762.0,119639.0,89043.0,51784.0,59423.0,50997.0
2000-09-01,62474.0,94552.0,78920.0,157710.0,46768.0,51105.0,64885.0,49762.0,119057.0,89419.0,52500.0,60090.0,51622.0
2000-10-01,61596.0,93449.0,78609.0,155900.0,46833.0,51410.0,70432.0,49682.0,119263.0,89390.0,51966.0,60236.0,51447.0
2000-11-01,62213.0,94089.0,78879.0,158085.0,46382.0,51585.0,70432.0,49682.0,118819.0,89358.0,52544.0,60321.0,50840.0
2000-12-01,62818.0,95172.0,79487.0,157888.0,47648.0,52187.0,70432.0,49682.0,119881.0,88809.0,52479.0,60997.0,51494.0
2001-01-01,63289.0,95600.0,79663.0,160094.0,47151.0,52045.0,77409.0,52082.0,119563.0,88890.0,51586.0,61560.0,51774.0
2001-02-01,63166.0,95621.0,79539.0,160344.0,46401.0,51536.0,77409.0,52082.0,120097.0,89487.0,52492.0,62163.0,50898.0
2001-03-01,63484.0,96966.0,80480.0,161591.0,46915.0,51832.0,77409.0,52082.0,121681.0,91375.0,53099.0,62381.0,51403.0
2001-04-01,65454.0,98673.0,82554.0,163651.0,48947.0,53509.0,71304.0,50762.0,124687.0,94390.0,53840.0,63733.0,52861.0
2001-05-01,66479.0,100681.0,83763.0,168244.0,49587.0,53690.0,71304.0,50762.0,126030.0,95076.0,55074.0,64838.0,53897.0
2001-06-01,67437.0,101874.0,84953.0,169961.0,49450.0,55161.0,71304.0,50762.0,128656.0,96286.0,55635.0,66012.0,54447.0
2001-07-01,68172.0,104041.0,86323.0,172490.0,50478.0,55914.0,75002.0,52202.0,130730.0,98944.0,56822.0,66377.0,55172.0
2001-08-01,69510.0,106928.0,88117.0,176243.0,52438.0,56511.0,75002.0,52202.0,132737.0,100825.0,57271.0,67323.0,56329.0
2001-09-01,69944.0,107380.0,88448.0,176449.0,50825.0,57019.0,75002.0,52202.0,133694.0,101939.0,57382.0,68078.0,56526.0
2001-10-01,70614.0,108067.0,88901.0,177915.0,51280.0,56906.0,68444.0,52602.0,135049.0,103045.0,56748.0,68726.0,56017.0
2001-11-01,71633.0,109406.0,89771.0,179011.0,51818.0,57241.0,68444.0,52602.0,136305.0,103473.0,58396.0,68933.0,56868.0
2001-12-01,72584.0,110477.0,90629.0,179524.0,52867.0,58004.0,68444.0,52602.0,137498.0,103851.0,58150.0,69612.0,57539.0
2002-01-01,72490.0,111178.0,90840.0,181823.0,51796.0,57578.0,69239.0,51627.0,138188.0,105163.0,58447.0,70085.0,57307.0
2002-02-01,73616.0,112186.0,91276.0,182531.0,52020.0,57292.0,73502.0,53722.0,137833.0,105817.0,58515.0,70585.0,58358.0
2002-03-01,75390.0,114576.0,93433.0,184937.0,53464.0,59242.0,77765.0,55818.0,140476.0,109350.0,59032.0,71526.0,59230.0
2002-04-01,77115.0,118787.0,95692.0,190791.0,55043.0,60113.0,79382.0,56623.0,142931.0,111261.0,61316.0,73086.0,60935.0
2002-05-01,79580.0,121780.0,98623.0,195703.0,56924.0,62676.0,79456.0,58181.0,147114.0,114580.0,62603.0,75382.0,62766.0
2002-06-01,81405.0,123757.0,100844.0,199164.0,57673.0,63740.0,82469.0,60491.0,150248.0,118201.0,65727.0,77357.0,64881.0
2002-07-01,84923.0,128042.0,103856.0,204649.0,59890.0,65867.0,81955.0,60653.0,154355.0,121946.0,66158.0,79482.0,66085.0
2002-08-01,87682.0,131503.0,106529.0,209114.0,61520.0,66784.0,83425.0,60814.0,158861.0,125361.0,68112.0,81385.0,67820.0
2002-09-01,88089.0,132667.0,107551.0,210947.0,60981.0,66786.0,87100.0,62103.0,161048.0,127591.0,68009.0,83335.0,68715.0
2002-10-01,90417.0,135639.0,109405.0,213139.0,62490.0,67526.0,83351.0,61512.0,163514.0,130438.0,69058.0,85093.0,69577.0
2002-11-01,93355.0,139141.0,112062.0,216816.0,64803.0,69574.0,84233.0,61996.0,166224.0,132613.0,71435.0,86952.0,72181.0
2002-12-01,94539.0,140349.0,113279.0,217791.0,65746.0,70322.0,84160.0,64252.0,168198.0,134118.0,71307.0,88831.0,72811.0
2003-01-01,96421.0,143325.0,114816.0,221778.0,63881.0,70789.0,86144.0,62210.0,170299.0,136523.0,73663.0,90844.0,73938.0
2003-02-01,98583.0,143307.0,114952.0,221031.0,64710.0,70668.0,85483.0,57913.0,170408.0,135740.0,74376.0,92350.0,74082.0
2003-03-01,97755.0,144415.0,116372.0,220077.0,68050.0,71618.0,84601.0,61297.0,172160.0,138646.0,75059.0,93735.0,75378.0
2003-04-01,102519.0,147425.0,119186.0,222625.0,71514.0,75096.0,89672.0,64950.0,173539.0,140254.0,78253.0,95408.0,78012.0
2003-05-01,104649.0,148116.0,121131.0,225440.0,72875.0,77110.0,85483.0,65004.0,175126.0,141954.0,79452.0,97200.0,80363.0
2003-06-01,105524.0,147858.0,122126.0,223682.0,74543.0,78397.0,88496.0,66025.0,176849.0,143764.0,80978.0,98566.0,82043.0
2003-07-01,107510.0,151945.0,124926.0,228891.0,78355.0,81111.0,85703.0,68389.0,178582.0,145882.0,83398.0,99993.0,84249.0
2003-08-01,110345.0,152591.0,126416.0,227698.0,79841.0,83261.0,90481.0,70323.0,179070.0,146458.0,86323.0,102042.0,86119.0
2003-09-01,110328.0,152364.0,126371.0,227921.0,80157.0,83395.0,87835.0,70108.0,177714.0,147489.0,87053.0,103524.0,86431.0
2003-10-01,112093.0,153758.0,128294.0,229749.0,82664.0,85325.0,90407.0,72955.0,180539.0,149199.0,87778.0,105183.0,87816.0
2003-11-01,113359.0,154470.0,129514.0,230764.0,83921.0,86944.0,87100.0,71988.0,181600.0,148927.0,89440.0,105985.0,89590.0
2003-12-01,113647.0,156035.0,131221.0,232279.0,84726.0,89544.0,88864.0,74191.0,182063.0,151560.0,92527.0,108463.0,91668.0
2004-01-01,114984.0,158011.0,131914.0,234296.0,86090.0,88994.0,91436.0,76662.0,183513.0,152972.0,93655.0,109414.0,91131.0
2004-02-01,115780.0,158501.0,132447.0,235311.0,83749.0,90179.0,91069.0,75645.0,184472.0,152657.0,94779.0,110518.0,91574.0
2004-03-01,116747.0,159888.0,134606.0,236939.0,88008.0,91668.0,91069.0,78418.0,185937.0,155891.0,95626.0,110755.0,95026.0
2004-04-01,121017.0,163379.0,139024.0,241798.0,94146.0,97138.0,94523.0,83623.0,188018.0,159551.0,101714.0,112717.0,100344.0
2004-05-01,123757.0,164747.0,141728.0,243369.0,96656.0,100566.0,97317.0,85015.0,191325.0,162512.0,102295.0,114797.0,102984.0
2004-06-01,126096.0,168222.0,144951.0,246395.0,100701.0,103616.0,94156.0,89148.0,193700.0,166326.0,107651.0,117525.0,106109.0
2004-07-01,128683.0,170433.0,147974.0,250378.0,104156.0,107835.0,98052.0,91287.0,196197.0,169346.0,111212.0,119886.0,108186.0
2004-08-01,131101.0,172751.0,149891.0,251404.0,105680.0,109018.0,100404.0,91270.0,199744.0,170200.0,114414.0,122135.0,110237.0
2004-09-01,132057.0,173525.0,150347.0,250652.0,104535.0,109596.0,99522.0,89835.0,199227.0,172303.0,113047.0,123613.0,111596.0
2004-10-01,131798.0,173846.0,150455.0,248676.0,106158.0,110275.0,102535.0,91511.0,199048.0,171883.0,114182.0,124719.0,111339.0
2004-11-01,133418.0,174108.0,151373.0,251278.0,103661.0,111652.0,98860.0,91130.0,201001.0,172941.0,116354.0,125425.0,111836.0
2004-12-01,132658.0,173093.0,150954.0,246425.0,107394.0,111849.0,103123.0,93321.0,199286.0,171366.0,115521.0,126034.0,113304.0
2005-01-01,130266.0,173457.0,149713.0,248820.0,105467.0,110684.0,105916.0,90440.0,197095.0,169711.0,117235.0,124542.0,111935.0
2005-02-01,131704.0,171709.0,149748.0,247642.0,104501.0,109465.0,105916.0,90028.0,197964.0,169886.0,114635.0,124364.0,113342.0
2005-03-01,132038.0,171895.0,150724.0,247580.0,106528.0,112526.0,105916.0,92995.0,197976.0,170230.0,116512.0,123753.0,114502.0
2005-04-01,133495.0,172440.0,152323.0,251973.0,109350.0,114572.0,109781.0,98866.0,199492.0,170941.0,117494.0,125147.0,115003.0
2005-05-01,135007.0,175216.0,153954.0,252313.0,110702.0,117039.0,109781.0,99902.0,200349.0,171771.0,119816.0,125673.0,117647.0
2005-06-01,134528.0,176173.0,154903.0,252542.0,112222.0,118703.0,109781.0,103919.0,200722.0,172333.0,120702.0,126927.0,118928.0
2005-07-01,136194.0,177374.0,156496.0,254654.0,114780.0,120041.0,116767.0,105856.0,201847.0,174673.0,123592.0,128389.0,120427.0
2005-08-01,137235.0,177064.0,157142.0,254761.0,116433.0,121222.0,116767.0,105951.0,202466.0,174072.0,124865.0,129558.0,121469.0
2005-09-01,136141.0,177457.0,156885.0,253631.0,114720.0,121247.0,116767.0,106034.0,202698.0,174544.0,124329.0,130034.0,121697.0
2005-10-01,137315.0,176487.0,156384.0,250828.0,115091.0,120898.0,120825.0,105467.0,200825.0,174580.0,124521.0,130025.0,121868.0
2005-11-01,137311.0,176303.0,157012.0,253251.0,116604.0,121267.0,120825.0,104885.0,202090.0,174479.0,123873.0,130120.0,121981.0
2005-12-01,137021.0,177602.0,157901.0,255195.0,116455.0,123353.0,120825.0,106541.0,202298.0,175463.0,122782.0,130893.0,122753.0
2006-01-01,135237.0,177088.0,157240.0,256767.0,116408.0,121111.0,124258.0,105257.0,202770.0,174840.0,123010.0,130739.0,122401.0
2006-02-01,135594.0,177314.0,157572.0,255985.0,114596.0,122474.0,124258.0,103309.0,203401.0,174072.0,125191.0,130769.0,123300.0
2006-03-01,136176.0,178701.0,158616.0,258410.0,117115.0,122037.0,124258.0,107282.0,204255.0,177272.0,126482.0,130596.0,123869.0
2006-04-01,140034.0,181493.0,161569.0,262793.0,119413.0,126371.0,136198.0,111829.0,206834.0,178748.0,126895.0,131383.0,126934.0
2006-05-01,139736.0,183080.0,163051.0,265059.0,119935.0,126866.0,136198.0,114395.0,210031.0,180567.0,127866.0,132879.0,127236.0
2006-06-01,140998.0,183356.0,164498.0,269156.0,122127.0,128805.0,136198.0,115914.0,211136.0,182781.0,131176.0,134023.0,128530.0
2006-07-01,143553.0,187016.0,166323.0,271795.0,123262.0,129938.0,151918.0,118077.0,213316.0,184611.0,131002.0,134693.0,130231.0
2006-08-01,144201.0,188674.0,167681.0,274815.0,122958.0,130349.0,151918.0,119737.0,214624.0,186791.0,132775.0,135288.0,131670.0
2006-09-01,142806.0,188742.0,168315.0,275712.0,124534.0,131529.0,151918.0,121628.0,216474.0,187122.0,132730.0,135749.0,131823.0
2006-10-01,144280.0,190015.0,168931.0,277396.0,124685.0,131326.0,170193.0,118828.0,216253.0,189077.0,132371.0,136600.0,132379.0
2006-11-01,144542.0,190676.0,169678.0,277074.0,123726.0,132398.0,170193.0,120670.0,218140.0,190479.0,134030.0,137004.0,132983.0
2006-12-01,146212.0,192829.0,171862.0,283155.0,126812.0,133849.0,170193.0,122894.0,221044.0,191663.0,134947.0,137888.0,134718.0
2007-01-01,145749.0,192919.0,171666.0,286542.0,125367.0,132851.0,188278.0,121923.0,222209.0,190711.0,132332.0,138400.0,133490.0
2007-02-01,146373.0,193326.0,172207.0,289884.0,124105.0,133656.0,188278.0,119596.0,221538.0,192027.0,135831.0,138572.0,133735.0
2007-03-01,146938.0,194938.0,173449.0,292774.0,125000.0,133923.0,188278.0,124226.0,223253.0,194805.0,133935.0,138521.0,134329.0
2007-04-01,148340.0,197352.0,176281.0,298476.0,127769.0,136370.0,205123.0,130471.0,227249.0,195621.0,137146.0,139436.0,137552.0
2007-05-01,148733.0,199249.0,178266.0,302673.0,128335.0,137517.0,205123.0,133535.0,231796.0,198711.0,138195.0,140171.0,139157.0
2007-06-01,150425.0,202727.0,180161.0,306133.0,130236.0,139534.0,205123.0,136549.0,233432.0,200185.0,139568.0,141128.0,140595.0
2007-07-01,152049.0,204615.0,182558.0,316556.0,131888.0,139945.0,212617.0,136470.0,237575.0,202786.0,139419.0,141759.0,140885.0
2007-08-01,153128.0,206015.0,183472.0,318654.0,131069.0,140995.0,212617.0,137886.0,237788.0,204036.0,142328.0,143106.0,141079.0
2007-09-01,153623.0,206877.0,183883.0,319468.0,130853.0,140601.0,212617.0,136930.0,240100.0,205256.0,141237.0,143516.0,140589.0
2007-10-01,151721.0,206703.0,183823.0,319623.0,130512.0,140841.0,202774.0,134287.0,240647.0,204266.0,141862.0,143623.0,141405.0
2007-11-01,152106.0,207394.0,183636.0,318648.0,131350.0,140288.0,202774.0,136189.0,240470.0,204249.0,140616.0,142887.0,141108.0
2007-12-01,151415.0,207181.0,183515.0,319019.0,131043.0,141847.0,202774.0,134469.0,238888.0,201864.0,139530.0,143434.0,141361.0
2008-01-01,147391.0,205481.0,181037.0,319663.0,128120.0,137996.0,187721.0,133172.0,237074.0,200690.0,138585.0,142875.0,138573.0
2008-02-01,147361.0,203657.0,179448.0,316563.0,127750.0,136639.0,187721.0,132325.0,233574.0,196630.0,136949.0,142262.0,138126.0
2008-03-01,146597.0,201237.0,178118.0,314319.0,126370.0,134901.0,187721.0,132653.0,234248.0,195161.0,133982.0,140181.0,136655.0
2008-04-01,146797.0,199998.0,178550.0,315113.0,128633.0,137179.0,175875.0,134077.0,232605.0,196078.0,134268.0,139123.0,137633.0
2008-05-01,146487.0,201866.0,179175.0,315988.0,129699.0,136500.0,175875.0,140152.0,233826.0,196350.0,135162.0,138982.0,138264.0
2008-06-01,145927.0,198801.0,176883.0,310568.0,128164.0,135994.0,175875.0,136219.0,230941.0,192614.0,134336.0,138775.0,135510.0
2008-07-01,145373.0,198177.0,175462.0,310740.0,125176.0,133855.0,159059.0,134444.0,229526.0,191188.0,130572.0,137686.0,135285.0
2008-08-01,140774.0,191127.0,171355.0,301598.0,124456.0,132385.0,159059.0,132590.0,222187.0,187519.0,132238.0,135006.0,133046.0
2008-09-01,137306.0,186404.0,167330.0,295994.0,120085.0,128319.0,159059.0,127429.0,216790.0,184041.0,125576.0,132708.0,129538.0
2008-10-01,134959.0,181730.0,163571.0,285837.0,117742.0,126997.0,145525.0,128794.0,210598.0,179934.0,126870.0,130995.0,127444.0
2008-11-01,129901.0,176595.0,158831.0,276896.0,117208.0,123649.0,145525.0,124927.0,204620.0,173457.0,124325.0,128777.0,123614.0
2008-12-01,129828.0,174953.0,156533.0,271793.0,113793.0,122404.0,145525.0,121026.0,201861.0,169172.0,122526.0,125687.0,122391.0
2009-01-01,126834.0,173660.0,153585.0,270949.0,112313.0,118624.0,132669.0,119792.0,196036.0,167438.0,118377.0,122751.0,118176.0
2009-02-01,125062.0,169793.0,151964.0,267474.0,110903.0,118127.0,132669.0,116433.0,193166.0,167215.0,117437.0,121338.0,118368.0
2009-03-01,125099.0,166473.0,150438.0,264709.0,110769.0,116002.0,132669.0,120988.0,192598.0,165684.0,116562.0,120672.0,116556.0
2009-04-01,125539.0,169102.0,151724.0,262661.0,111896.0,118897.0,133898.0,122189.0,194568.0,165385.0,118693.0,119944.0,119069.0
2009-05-01,125063.0,172064.0,153648.0,267629.0,113090.0,119324.0,133898.0,125773.0,198240.0,168112.0,120582.0,119488.0,119722.0
2009-06-01,128177.0,171951.0,155344.0,271488.0,114312.0,119914.0,133898.0,127072.0,200821.0,171781.0,119254.0,119403.0,120600.0
2009-07-01,129273.0,176546.0,158306.0,278122.0,114434.0,121746.0,134254.0,128109.0,204085.0,173667.0,121462.0,121044.0,124390.0
2009-08-01,131288.0,178649.0,160128.0,280566.0,116065.0,122580.0,134254.0,127658.0,208289.0,175509.0,121924.0,122832.0,124504.0
2009-09-01,131430.0,180764.0,161649.0,286374.0,117057.0,123166.0,134254.0,126761.0,211006.0,178055.0,122364.0,125412.0,124268.0
2009-10-01,133220.0,181000.0,162688.0,287743.0,116499.0,123974.0,134376.0,127904.0,212096.0,178549.0,123750.0,126848.0,126133.0
2009-11-01,133403.0,182568.0,163163.0,285663.0,117441.0,124385.0,134376.0,129125.0,213753.0,179440.0,124162.0,127466.0,126339.0
2009-12-01,135375.0,183414.0,164408.0,289176.0,118460.0,126336.0,134376.0,128022.0,213276.0,180306.0,125911.0,128391.0,127198.0
2010-01-01,131404.0,185910.0,164711.0,299459.0,113483.0,121963.0,128422.0,124112.0,219580.0,181839.0,120944.0,127524.0,124977.0
2010-02-01,134427.0,186038.0,165457.0,298420.0,115410.0,123852.0,128422.0,121755.0,218979.0,182535.0,121157.0,127346.0,124940.0
2010-03-01,132747.0,186186.0,165002.0,300260.0,116475.0,122184.0,128422.0,124038.0,218300.0,181922.0,123732.0,126759.0,124909.0
2010-04-01,134281.0,189108.0,166919.0,301876.0,116764.0,124848.0,127299.0,128143.0,219916.0,183875.0,124745.0,128064.0,126501.0
2010-05-01,136505.0,189953.0,167823.0,301641.0,116251.0,124971.0,127299.0,127965.0,222097.0,185803.0,125442.0,128661.0,126860.0
2010-06-01,136874.0,189548.0,168675.0,304616.0,116958.0,125368.0,127299.0,129189.0,223722.0,186550.0,124868.0,129596.0,127437.0
2010-07-01,137673.0,192765.0,170434.0,313428.0,116700.0,124676.0,125074.0,130339.0,226247.0,187835.0,126912.0,130320.0,129214.0
2010-08-01,138671.0,192039.0,170706.0,311152.0,119375.0,126322.0,125074.0,128781.0,225813.0,189327.0,125413.0,131116.0,128851.0
2010-09-01,136820.0,192988.0,170162.0,310560.0,115637.0,125008.0,125074.0,128715.0,226281.0,188980.0,126090.0,131281.0,127519.0
2010-10-01,135867.0,189904.0,168152.0,306318.0,118073.0,123923.0,117835.0,128708.0,222967.0,187399.0,126064.0,130453.0,125240.0
2010-11-01,134748.0,189238.0,166452.0,302206.0,113784.0,122092.0,117835.0,126552.0,221473.0,185013.0,120670.0,129732.0,123818.0
2010-12-01,133946.0,188378.0,166202.0,305486.0,113238.0,122231.0,117835.0,124867.0,220306.0,183123.0,122109.0,128574.0,124887.0
2011-01-01,131361.0,187409.0,164697.0,308301.0,110800.0,120876.0,112639.0,124856.0,218315.0,182406.0,120980.0,127333.0,121396.0
2011-02-01,132133.0,185272.0,164101.0,305350.0,110514.0,120001.0,112639.0,121170.0,218828.0,181130.0,121161.0,125930.0,123137.0
2011-03-01,131333.0,186529.0,163378.0,307347.0,109475.0,118899.0,112639.0,121416.0,217406.0,181050.0,118483.0,124312.0,120256.0
2011-04-01,132018.0,187388.0,165687.0,314735.0,113001.0,120511.0,110858.0,124954.0,219824.0,181691.0,122354.0,124349.0,124045.0
2011-05-01,132368.0,187664.0,164910.0,304810.0,113513.0,119816.0,110858.0,124938.0,220226.0,180882.0,121278.0,124491.0,123973.0
2011-06-01,132685.0,187093.0,165071.0,306078.0,113222.0,119566.0,110858.0,126264.0,220815.0,182891.0,121453.0,125217.0,122632.0
2011-07-01,134868.0,189751.0,167266.0,316716.0,111277.0,121233.0,108933.0,128400.0,223680.0,184599.0,121731.0,125441.0,123457.0
2011-08-01,135410.0,190567.0,167428.0,315709.0,110658.0,122225.0,108933.0,127523.0,222006.0,185275.0,122518.0,125914.0,124601.0
2011-09-01,133771.0,188774.0,166907.0,316197.0,110918.0,121416.0,108933.0,126976.0,222908.0,182896.0,124054.0,126087.0,123816.0
2011-10-01,132402.0,188720.0,165385.0,312887.0,109974.0,120674.0,105870.0,124255.0,219955.0,183152.0,120911.0,125119.0,121648.0
2011-11-01,132729.0,189577.0,165412.0,311570.0,110721.0,118507.0,105870.0,123373.0,221389.0,182349.0,123484.0,125054.0,122217.0
2011-12-01,133580.0,188765.0,165046.0,312906.0,109112.0,119152.0,105870.0,121178.0,221026.0,180895.0,120627.0,124518.0,121997.0
2012-01-01,131314.0,189852.0,164449.0,315128.0,106921.0,117050.0,99094.0,120989.0,219302.0,183323.0,120342.0,124765.0,119314.0
2012-02-01,131057.0,188281.0,164432.0,313010.0,107716.0,118474.0,99094.0,117292.0,220135.0,183044.0,119610.0,124068.0,120390.0
2012-03-01,131946.0,187072.0,164584.0,310866.0,110337.0,118948.0,99094.0,120685.0,220747.0,181525.0,119522.0,124352.0,121015.0
2012-04-01,133308.0,190794.0,166680.0,320165.0,109778.0,119380.0,99355.0,120417.0,224907.0,184271.0,121352.0,124592.0,120521.0
2012-05-01,133126.0,191630.0,167136.0,325535.0,109371.0,118612.0,99355.0,121688.0,225195.0,183733.0,121528.0,124611.0,122024.0
2012-06-01,134289.0,191456.0,168713.0,328471.0,111115.0,120801.0,99355.0,123523.0,226072.0,185129.0,123077.0,125441.0,123282.0
2012-07-01,135757.0,194079.0,169714.0,330760.0,110824.0,120075.0,96609.0,122685.0,228480.0,186786.0,122468.0,125980.0,123459.0
2012-08-01,134611.0,194117.0,170066.0,331918.0,113295.0,121104.0,96609.0,121958.0,229580.0,185340.0,122012.0,126814.0,124037.0
2012-09-01,134099.0,192957.0,169532.0,330232.0,111825.0,120949.0,96609.0,121080.0,230180.0,184995.0,121152.0,126616.0,122905.0
2012-10-01,134228.0,193648.0,168445.0,332172.0,110557.0,118182.0,94301.0,119920.0,226623.0,185136.0,120138.0,126446.0,121624.0
2012-11-01,134340.0,192932.0,168681.0,330308.0,110483.0,119974.0,94301.0,118524.0,226257.0,184755.0,121625.0,126136.0,122630.0
2012-12-01,133825.0,191994.0,168440.0,335880.0,108670.0,118987.0,94301.0,117574.0,227569.0,181353.0,120386.0,126211.0,122079.0
2013-01-01,132438.0,192142.0,166938.0,333332.0,107464.0,115931.0,92202.0,117973.0,226909.0,183206.0,120804.0,125901.0,118140.0
2013-02-01,132498.0,190370.0,167304.0,335672.0,105972.0,118279.0,92202.0,115650.0,225549.0,182642.0,119021.0,125925.0,120571.0
2013-03-01,133425.0,194147.0,168234.0,334322.0,108955.0,118157.0,92202.0,116783.0,226994.0,183856.0,120226.0,125522.0,120177.0
2013-04-01,134150.0,194595.0,169850.0,343563.0,109114.0,118665.0,93906.0,118758.0,229580.0,186599.0,119939.0,125823.0,120459.0
2013-05-01,135785.0,193843.0,170531.0,345065.0,109606.0,119195.0,93906.0,120633.0,230065.0,186128.0,121804.0,126106.0,122386.0
2013-06-01,136126.0,196002.0,171916.0,347414.0,109413.0,120605.0,93906.0,122327.0,232729.0,186532.0,122504.0,126956.0,123042.0
2013-07-01,137251.0,199137.0,173979.0,356482.0,112174.0,120710.0,95738.0,123580.0,235515.0,188269.0,121672.0,128253.0,123746.0
2013-08-01,138691.0,200041.0,175271.0,359430.0,113740.0,122403.0,95738.0,124889.0,236276.0,189653.0,123888.0,129455.0,124181.0
2013-09-01,138231.0,199877.0,175686.0,364517.0,112720.0,122287.0,95738.0,122961.0,236916.0,191153.0,123171.0,129647.0,125379.0
2013-10-01,139089.0,201547.0,175003.0,364036.0,106785.0,120126.0,96414.0,122611.0,237086.0,190381.0,121282.0,130231.0,123271.0
2013-11-01,138201.0,200471.0,175855.0,368002.0,110180.0,121021.0,96414.0,123781.0,239013.0,190595.0,123119.0,130476.0,124027.0
2013-12-01,140532.0,205065.0,178011.0,376865.0,110007.0,122233.0,96414.0,122231.0,240777.0,191692.0,121748.0,131046.0,125434.0
2014-01-01,139876.0,203602.0,177748.0,380935.0,108358.0,120781.0,98014.0,122220.0,242778.0,191343.0,124609.0,131217.0,123797.0
2014-02-01,141302.0,205151.0,178769.0,383125.0,108598.0,122252.0,98014.0,120322.0,243134.0,192051.0,125315.0,130825.0,125717.0
2014-03-01,141019.0,206108.0,179421.0,386898.0,110048.0,121034.0,98014.0,121877.0,245206.0,193627.0,123531.0,131168.0,124055.0
2014-04-01,143784.0,210280.0,183399.0,401818.0,111939.0,124342.0,101289.0,124711.0,248969.0,196976.0,125605.0,131969.0,127562.0
2014-05-01,144447.0,213895.0,185212.0,409706.0,112221.0,124825.0,101289.0,126714.0,253291.0,196985.0,128324.0,133235.0,128358.0
2014-06-01,145839.0,215704.0,186892.0,414499.0,114685.0,126439.0,101289.0,128414.0,255353.0,197646.0,127844.0,134533.0,128390.0
2014-07-01,146999.0,219457.0,189606.0,426870.0,114743.0,127145.0,103263.0,130067.0,259645.0,201750.0,128366.0,135153.0,129943.0
2014-08-01,149286.0,221782.0,192042.0,433311.0,114790.0,128635.0,103263.0,130465.0,263224.0,204353.0,129444.0,136900.0,131536.0
2014-09-01,149507.0,223836.0,192263.0,432150.0,113770.0,128468.0,103263.0,129726.0,265157.0,205994.0,130873.0,137474.0,129715.0
2014-10-01,148455.0,224885.0,191952.0,430684.0,112226.0,127847.0,104809.0,129927.0,265506.0,204759.0,129368.0,138384.0,130492.0
2014-11-01,148299.0,223944.0,191380.0,429081.0,112377.0,127364.0,104809.0,128308.0,264953.0,203453.0,129622.0,138237.0,130165.0
2014-12-01,148199.0,224758.0,191986.0,431324.0,112396.0,127201.0,104809.0,127668.0,266210.0,204203.0,129628.0,138583.0,131019.0
2015-01-01,147972.0,225847.0,191523.0,431270.0,110842.0,126599.0,104989.0,129869.0,266846.0,205460.0,128912.0,137916.0,128167.0
2015-02-01,148493.0,226943.0,192060.0,433331.0,112138.0,127622.0,104989.0,127575.0,266564.0,202730.0,128403.0,137888.0,128943.0
2015-03-01,148992.0,227055.0,191999.0,433259.0,111241.0,125873.0,104989.0,134523.0,267089.0,204718.0,128044.0,137527.0,129645.0
2015-04-01,149909.0,229445.0,194432.0,439403.0,115045.0,127729.0,108206.0,128978.0,270576.0,207065.0,129756.0,138329.0,130300.0
2015-05-01,151863.0,232551.0,196630.0,445154.0,114110.0,129973.0,108206.0,130564.0,273192.0,207988.0,130243.0,138803.0,133330.0
2015-06-01,153067.0,233631.0,198149.0,449070.0,115977.0,129481.0,108206.0,131762.0,277300.0,210000.0,131119.0,140121.0,133535.0
2015-07-01,155205.0,239245.0,201590.0,462097.0,116059.0,131688.0,111401.0,133810.0,281987.0,212376.0,131815.0,141409.0,136228.0
2015-08-01,157157.0,241945.0,203703.0,466924.0,116959.0,132574.0,111401.0,133341.0,285507.0,215432.0,133176.0,143222.0,136774.0
2015-09-01,156162.0,244652.0,204263.0,470754.0,116659.0,132859.0,111401.0,133035.0,286519.0,216615.0,132795.0,144595.0,136136.0
2015-10-01,157700.0,245823.0,204572.0,471562.0,114964.0,132220.0,112385.0,132471.0,288613.0,216413.0,133423.0,145094.0,135844.0
2015-11-01,158364.0,249124.0,206293.0,476915.0,116401.0,132916.0,112385.0,133255.0,290685.0,218598.0,133482.0,145608.0,136513.0
2015-12-01,158962.0,250225.0,207315.0,481806.0,116936.0,132950.0,112385.0,131549.0,293496.0,218950.0,133999.0,146015.0,136979.0
2016-01-01,158831.0,252519.0,208050.0,489741.0,114570.0,133204.0,112475.0,131634.0,295893.0,218652.0,132574.0,146612.0,136097.0
2016-02-01,158290.0,252732.0,208301.0,490055.0,114559.0,133083.0,112475.0,129551.0,297843.0,219595.0,135127.0,146486.0,136539.0
2016-03-01,159052.0,256923.0,210224.0,497430.0,116217.0,131630.0,112475.0,131107.0,302466.0,225467.0,134091.0,146575.0,135373.0
2016-04-01,161689.0,256970.0,211282.0,493598.0,115881.0,136500.0,116637.0,131303.0,299958.0,219704.0,134382.0,148291.0,139439.0
2016-05-01,162514.0,261564.0,213723.0,500467.0,117976.0,137497.0,116637.0,133044.0,303474.0,223257.0,136627.0,150491.0,139973.0
2016-06-01,163785.0,264489.0,215668.0,501147.0,120059.0,137892.0,116637.0,134949.0,307427.0,225556.0,138664.0,153265.0,141514.0
2016-07-01,165414.0,267798.0,217970.0,509080.0,120828.0,139906.0,118039.0,136931.0,311400.0,227453.0,138575.0,154637.0,142441.0
2016-08-01,166249.0,268266.0,218261.0,505256.0,119319.0,139750.0,118039.0,135571.0,312319.0,228579.0,137657.0,155878.0,142584.0
2016-09-01,166849.0,270191.0,217952.0,505052.0,118057.0,139624.0,118039.0,135236.0,309748.0,228885.0,137271.0,156425.0,141674.0
2016-10-01,166085.0,269689.0,217098.0,504240.0,117519.0,138036.0,118350.0,134368.0,310316.0,227406.0,138864.0,155872.0,141522.0
2016-11-01,167427.0,270473.0,218146.0,504074.0,118179.0,139331.0,118350.0,135543.0,310189.0,228886.0,138504.0,155806.0,142333.0
2016-12-01,168191.0,273009.0,218965.0,505701.0,119525.0,139179.0,118350.0,132996.0,311517.0,228054.0,138659.0,156416.0,143617.0
2017-01-01,166547.0,272123.0,218655.0,509175.0,115477.0,139003.0,118092.0,133141.0,315255.0,230507.0,138614.0,157285.0,140165.0
2017-02-01,168619.0,274329.0,219696.0,510351.0,117401.0,140482.0,118092.0,130885.0,312371.0,230810.0,138086.0,157750.0,141864.0
2017-03-01,168470.0,272504.0,218812.0,508986.0,115290.0,139230.0,118092.0,131731.0,312789.0,229946.0,139940.0,157178.0,140865.0
2017-04-01,171346.0,276523.0,221891.0,513641.0,118166.0,141652.0,120356.0,135773.0,315949.0,232109.0,141933.0,157897.0,144242.0
2017-05-01,172332.0,279053.0,223502.0,514831.0,120226.0,142498.0,120356.0,136715.0,317693.0,234080.0,139592.0,159154.0,145465.0
2017-06-01,173524.0,280366.0,225265.0,514028.0,121193.0,144298.0,120356.0,138220.0,320765.0,236500.0,142401.0,161503.0,146646.0
2017-07-01,176382.0,284682.0,227919.0,522994.0,121086.0,145880.0,121964.0,142004.0,323510.0,240231.0,143002.0,164094.0,147317.0
2017-08-01,175988.0,284475.0,229074.0,521450.0,122746.0,147268.0,121964.0,141685.0,325527.0,241705.0,144735.0,166279.0,148788.0
2017-09-01,177002.0,285274.0,228519.0,517969.0,120655.0,146802.0,121964.0,139082.0,325029.0,240679.0,145083.0,167464.0,148653.0
2017-10-01,177222.0,285404.0,228484.0,515752.0,121660.0,146383.0,122649.0,139591.0,324496.0,242236.0,146794.0,167619.0,147677.0
2017-11-01,177154.0,284088.0,227618.0,509894.0,120275.0,146851.0,122649.0,140834.0,322627.0,240656.0,144972.0,167113.0,147857.0
2017-12-01,178086.0,285947.0,228837.0,510491.0,123106.0,147837.0,122649.0,139761.0,323152.0,240621.0,145617.0,167747.0,149125.0
2018-01-01,177732.0,285873.0,227594.0,513622.0,117478.0,144796.0,123302.0,141353.0,323399.0,243733.0,144990.0,167696.0,146727.0
2018-02-01,180294.0,285219.0,228471.0,511574.0,119630.0,146586.0,123302.0,140480.0,323799.0,242054.0,145068.0,168618.0,146544.0
2018-03-01,177993.0,283450.0,226996.0,505683.0,117354.0,144823.0,123302.0,139202.0,322289.0,241882.0,145837.0,168120.0,147271.0
2018-04-01,180334.0,284595.0,228855.0,510925.0,121414.0,146818.0,125009.0,142832.0,323777.0,241533.0,145412.0,169472.0,148179.0
2018-05-01,181826.0,285156.0,229845.0,512244.0,121896.0,147799.0,125009.0,143019.0,324252.0,242381.0,146531.0,170003.0,150166.0
2018-06-01,182243.0,286389.0,231277.0,513792.0,121148.0,149186.0,125009.0,144308.0,327114.0,243801.0,148527.0,171756.0,151054.0
2018-07-01,184142.0,290809.0,234127.0,518923.0,124172.0,151077.0,127398.0,146056.0,329558.0,247941.0,150195.0,173488.0,152499.0
2018-08-01,185470.0,290907.0,234731.0,513384.0,123349.0,151772.0,127398.0,146404.0,330535.0,249459.0,152466.0,174413.0,154445.0
2018-09-01,186856.0,289461.0,234380.0,510167.0,123205.0,151750.0,127398.0,145738.0,329521.0,249819.0,151747.0,175765.0,152649.0
2018-10-01,184561.0,289927.0,233916.0,513927.0,123712.0,152467.0,129427.0,145816.0,326923.0,247946.0,152401.0,175916.0,152245.0
2018-11-01,185825.0,290306.0,233144.0,507814.0,121948.0,151860.0,129427.0,143919.0,325704.0,247975.0,151646.0,176447.0,151982.0
2018-12-01,184588.0,287775.0,232616.0,506642.0,121760.0,151471.0,129427.0,142681.0,323540.0,247636.0,153612.0,176836.0,152603.0
2019-01-01,184148.0,285588.0,230974.0,503232.0,118687.0,150205.0,128168.0,144124.0,324657.0,245759.0,150122.0,176255.0,150919.0
2019-02-01,183910.0,286748.0,230772.0,498951.0,117822.0,150818.0,128168.0,141355.0,322509.0,246349.0,150566.0,176856.0,149924.0
2019-03-01,183521.0,283751.0,229408.0,496910.0,117948.0,149518.0,128168.0,143985.0,319521.0,244233.0,151406.0,175327.0,151324.0
2019-04-01,184470.0,284922.0,230994.0,502664.0,121919.0,150992.0,129613.0,145110.0,321318.0,244108.0,152875.0,175571.0,152328.0
2019-05-01,184812.0,285640.0,231245.0,496339.0,121907.0,152604.0,129613.0,145709.0,320650.0,243728.0,153038.0,175469.0,152676.0
2019-06-01,184910.0,285274.0,232112.0,503716.0,122531.0,152440.0,129613.0,146925.0,323255.0,243886.0,154250.0,176245.0,154041.0
2019-07-01,186307.0,288264.0,234587.0,512265.0,122847.0,154588.0,132336.0,148942.0,324982.0,249181.0,155700.0,176786.0,155294.0
2019-08-01,188104.0,287428.0,235298.0,506081.0,124357.0,156053.0,132336.0,148383.0,325154.0,249320.0,159275.0,177976.0,155819.0
2019-09-01,187643.0,288709.0,235691.0,510810.0,124808.0,155419.0,132336.0,149037.0,326204.0,249763.0,155676.0,179414.0,155723.0
2019-10-01,187487.0,287808.0,234940.0,506016.0,122347.0,155204.0,132623.0,148150.0,324716.0,249635.0,157444.0,179733.0,156458.0
2019-11-01,187649.0,285806.0,234020.0,501829.0,122515.0,154553.0,132623.0,146779.0,324631.0,247600.0,159560.0,179280.0,155187.0
2019-12-01,187279.0,287478.0,234237.0,512959.0,122342.0,153685.0,132623.0,144623.0,323702.0,247416.0,157588.0,178488.0,155920.0
2020-01-01,187868.0,285803.0,234049.0,509527.0,120484.0,153141.0,133173.0,147731.0,324130.0,248521.0,154532.0,179060.0,154883.0
2020-02-01,186308.0,285943.0,232955.0,507956.0,120149.0,153325.0,133173.0,143944.0,320582.0,247281.0,157134.0,178387.0,154695.0
2020-03-01,188446.0,285012.0,235204.0,516654.0,121391.0,155025.0,133173.0,144948.0,325604.0,250417.0,158163.0,177824.0,155643.0
2020-04-01,187949.0,287501.0,232657.0,509754.0,116581.0,152528.0,133286.0,146059.0,327607.0,247576.0,151534.0,175618.0,150730.0
2020-05-01,187382.0,287030.0,233673.0,506613.0,121101.0,152857.0,133286.0,147150.0,323236.0,247280.0,154054.0,177295.0,155276.0
2020-06-01,191136.0,288667.0,236731.0,513833.0,122678.0,157055.0,133286.0,149474.0,324453.0,250343.0,158488.0,178914.0,158072.0
2020-07-01,193004.0,289067.0,239080.0,517966.0,123730.0,159413.0,136013.0,148755.0,328205.0,254397.0,159465.0,182208.0,158824.0
2020-08-01,193470.0,292992.0,241511.0,523954.0,124454.0,161286.0,136013.0,148875.0,331902.0,255918.0,163805.0,182927.0,160951.0
2020-09-01,194142.0,296829.0,243733.0,528003.0,127530.0,162250.0,136013.0,154532.0,334430.0,260328.0,160994.0,183383.0,161730.0
2020-10-01,196846.0,295661.0,245090.0,520515.0,127455.0,165484.0,139563.0,156874.0,334997.0,262275.0,166597.0,184362.0,164114.0
2020-11-01,199379.0,296868.0,247749.0,529444.0,129955.0,166199.0,139563.0,157849.0,339278.0,263680.0,168781.0,185557.0,167676.0
2020-12-01,201798.0,300749.0,250168.0,529060.0,131490.0,169085.0,139563.0,156254.0,340233.0,266843.0,171640.0,188245.0,168778.0
2021-01-01,202133.0,298036.0,249890.0,529101.0,132623.0,170526.0,141087.0,157866.0,337566.0,263614.0,169842.0,190535.0,170388.0
2021-02-01,204514.0,299321.0,251309.0,525153.0,133797.0,173134.0,141087.0,155612.0,337619.0,264702.0,168438.0,193382.0,171334.0
2021-03-01,205588.0,301495.0,254407.0,534311.0,136174.0,175992.0,141087.0,160963.0,342322.0,268671.0,173661.0,196264.0,172745.0
2021-04-01,202601.0,298764.0,250703.0,523423.0,133960.0,172587.0,146044.0,154719.0,339163.0,265562.0,171658.0,197014.0,169361.0
2021-05-01,203546.0,299192.0,251203.0,522672.0,133791.0,172994.0,146044.0,161935.0,340283.0,262927.0,174016.0,197138.0,171213.0
2021-06-01,215392.0,312775.0,266129.0,538199.0,145095.0,187330.0,146044.0,165261.0,354769.0,281947.0,184345.0,200619.0,184117.0
2021-07-01,202813.0,299492.0,250545.0,529788.0,134393.0,171845.0,150563.0,168799.0,339769.0,258746.0,176129.0,201938.0,169009.0
2021-08-01,209343.0,309904.0,259193.0,545831.0,137004.0,178467.0,150563.0,170669.0,350795.0,272401.0,180281.0,203377.0,174892.0
2021-09-01,217444.0,316815.0,268041.0,541876.0,146908.0,187266.0,150563.0,170829.0,361613.0,283935.0,185561.0,202377.0,183852.0
2021-10-01,212790.0,312253.0,259748.0,539606.0,136801.0,177157.0,150539.0,170955.0,354140.0,276090.0,186951.0,202478.0,173741.0
2021-11-01,216112.0,319183.0,265662.0,547647.0,138405.0,182712.0,150539.0,172873.0,360386.0,284105.0,186520.0,203538.0,179074.0
2021-12-01,218318.0,319855.0,267793.0,547837.0,140230.0,185573.0,150539.0,169213.0,362713.0,285237.0,189741.0,203516.0,180680.0
2022-01-01,219956.0,322537.0,270231.0,550635.0,140576.0,186704.0,155086.0,173589.0,368184.0,291018.0,191552.0,206378.0,182226.0
2022-02-01,221012.0,326141.0,271265.0,551066.0,140762.0,187066.0,155086.0,170905.0,367655.0,291034.0,189656.0,209279.0,183698.0
2022-03-01,222760.0,325283.0,272225.0,550480.0,143435.0,187958.0,155086.0,171510.0,369755.0,291647.0,191471.0,212020.0,183085.0
2022-04-01,224769.0,328825.0,274812.0,554765.0,144411.0,191021.0,160214.0,175109.0,370658.0,296983.0,195875.0,213974.0,184986.0
2022-05-01,226878.0,332450.0,278084.0,554380.0,145424.0,192942.0,160214.0,177326.0,376100.0,301875.0,196682.0,215007.0,189205.0
2022-06-01,231038.0,335070.0,281116.0,572418.0,147826.0,194417.0,160214.0,181120.0,380603.0,299771.0,200277.0,216278.0,190937.0
2022-07-01,233487.0,340723.0,286526.0,575261.0,151552.0,199323.0,166363.0,182979.0,387054.0,309032.0,203313.0,219733.0,194228.0
2022-08-01,237151.0,344145.0,289294.0,581320.0,151747.0,200868.0,166363.0,183378.0,390701.0,314238.0,204218.0,222773.0,195533.0
2022-09-01,236940.0,344762.0,290185.0,579330.0,152937.0,202921.0,166363.0,181639.0,391553.0,314370.0,207696.0,225571.0,196752.0
2022-10-01,237264.0,344144.0,289993.0,573946.0,153663.0,202008.0,165729.0,182341.0,391862.0,313800.0,208209.0,227492.0,197361.0
2022-11-01,237753.0,345454.0,290003.0,575480.0,153022.0,202872.0,165729.0,180523.0,389960.0,313892.0,205941.0,228025.0,198212.0
2022-12-01,237956.0,342442.0,288198.0,572384.0,152252.0,200795.0,165729.0,175560.0,388158.0,308957.0,206563.0,228359.0,197647.0
2023-01-01,235315.0,340655.0,285817.0,570869.0,150814.0,197527.0,162479.0,175092.0,387727.0,309102.0,201853.0,226214.0,191628.0
2023-02-01,232456.0,340888.0,283907.0,563875.0,147783.0,196497.0,162479.0,171282.0,383401.0,306826.0,200870.0,226369.0,191681.0
2023-03-01,229868.0,335589.0,279592.0,555361.0,144993.0,194453.0,162479.0,173352.0,380362.0,303206.0,199167.0,222980.0,187293.0
2023-04-01,230965.0,331572.0,280054.0,557147.0,147442.0,194385.0,164587.0,175512.0,379543.0,302791.0,195717.0,220914.0,190374.0
2023-05-01,229615.0,330394.0,279846.0,554900.0,146913.0,196419.0,164587.0,179854.0,377989.0,302199.0,199616.0,219253.0,189275.0
2023-06-01,232790.0,332033.0,281585.0,556107.0,149448.0,197880.0,164587.0,177705.0,377848.0,300808.0,200183.0,219966.0,193446.0
2023-07-01,233810.0,336474.0,284246.0,559703.0,150021.0,199014.0,169726.0,181013.0,381968.0,306036.0,202620.0,222839.0,195102.0
2023-08-01,235914.0,335770.0,285690.0,560630.0,154429.0,200408.0,169726.0,182593.0,381601.0,307132.0,203852.0,223424.0,197800.0
2023-09-01,233437.0,334941.0,284428.0,565702.0,151607.0,200657.0,169726.0,180364.0,379338.0,304837.0,204460.0,225448.0,194270.0
2023-10-01,232325.0,331860.0,283147.0,555122.0,150966.0,200939.0,168157.0,180051.0,377965.0,305147.0,202477.0,224398.0,195381.0
2023-11-01,233029.0,329462.0,281026.0,547757.0,150866.0,199536.0,168157.0,179184.0,375344.0,299952.0,201778.0,224071.0,193998.0
2023-12-01,229757.0,326075.0,278664.0,549112.0,151215.0,200245.0,168157.0,176538.0,367572.0,294676.0,202077.0,222941.0,192662.0
2024-01-01,227053.0,328802.0,278060.0,551097.0,147973.0,196802.0,169060.0,179248.0,369326.0,299150.0,197808.0,221597.0,191618.0
2024-02-01,227623.0,324976.0,276935.0,546247.0,148690.0,196304.0,169060.0,175883.0,367789.0,296587.0,199272.0,220143.0,191087.0
2024-03-01,227703.0,322950.0,276971.0,547437.0,147221.0,198378.0,169060.0,177778.0,366875.0,295240.0,200795.0,218807.0,192827.0
2024-04-01,227940.0,325736.0,277945.0,548467.0,146629.0,198529.0,175418.0,180647.0,369214.0,297850.0,199545.0,218978.0,191916.0
2024-05-01,230613.0,326196.0,280824.0,553592.0,149642.0,202747.0,175418.0,180418.0,372808.0,298492.0,199330.0,220260.0,193994.0
2024-06-01,228644.0,325791.0,281634.0,557528.0,151789.0,202008.0,175418.0,181273.0,373225.0,297196.0,204257.0,222673.0,197847.0
2024-07-01,233549.0,331198.0,284284.0,559004.0,151852.0,203577.0,180467.0,185965.0,377204.0,301659.0,204941.0,225044.0,197971.0
2024-08-01,234747.0,332898.0,287913.0,568470.0,154031.0,207574.0,180467.0,186341.0,382444.0,303882.0,207924.0,227066.0,202562.0
2024-09-01,235431.0,335031.0,288438.0,567783.0,156660.0,208531.0,180467.0,184732.0,381273.0,305369.0,204945.0,228901.0,199812.0
2024-10-01,237846.0,335808.0,289306.0,560904.0,156601.0,208957.0,183153.0,186251.0,382050.0,310485.0,208596.0,230075.0,201865.0
2024-11-01,236781.0,334030.0,288572.0,563164.0,157650.0,210251.0,183153.0,185249.0,378722.0,302481.0,208797.0,231158.0,203171.0
2024-12-01,239056.0,334840.0,288985.0,560111.0,158990.0,209349.0,183153.0,183004.0,381880.0,302947.0,206077.0,231302.0,202705.0
2025-01-01,237768.0,334723.0,288842.0,564734.0,158043.0,208895.0,185037.0,186199.0,383497.0,303156.0,206263.0,231072.0,201658.0
2025-02-01,242475.0,340206.0,292705.0,559935.0,161328.0,212255.0,185037.0,185215.0,385654.0,307734.0,207455.0,230882.0,206561.0
2025-03-01,245830.0,345504.0,297266.0,554279.0,169291.0,218972.0,185037.0,187228.0,388192.0,311749.0,209545.0,232617.0,212483.0
2025-04-01,237604.0,333033.0,286594.0,573446.0,155766.0,205444.0,185037.0,191908.0,379080.0,299863.0,208623.0,231200.0,198997.0
2025-05-01,242052.0,339747.0,290395.0,565637.0,159142.0,209498.0,185037.0,191927.0,380650.0,304237.0,209580.0,231040.0,203836.0
